INFO:     Will watch for changes in these directories: ['/home/joe/Workspace/GujPol/cctv_registry/model2/backend']
INFO:     Uvicorn running on http://127.0.0.1:8001 (Press CTRL+C to quit)
INFO:     Started reloader process [215410] using WatchFiles
INFO:     Started server process [215450]
INFO:     Waiting for application startup.
INFO:cctv_model2:Database ready: Model 2 tables ensured (camera_sources, anpr_jobs, anpr_events).
INFO:     Application startup complete.
INFO:     127.0.0.1:59464 - "OPTIONS /api/v2/sources HTTP/1.1" 200 OK
INFO:     127.0.0.1:59478 - "OPTIONS /api/v2/sources/status/workers HTTP/1.1" 200 OK
INFO:     127.0.0.1:59488 - "OPTIONS /api/v2/anpr/events HTTP/1.1" 200 OK
INFO:     127.0.0.1:59488 - "GET /api/v2/anpr/events HTTP/1.1" 500 Internal Server Error
ERROR:    Exception in ASGI application
Traceback (most recent call last):
  File "/home/joe/Workspace/GujPol/cctv_registry/model2/backend/.testing/lib/python3.12/site-packages/jose/backends/cryptography_backend.py", line 265, in __init__
    self.prepared_key = load_pem_public_key(key, self.cryptography_backend())
                        ^^^^^^^^^^^^^^^^^^^^^^^^^^^^^^^^^^^^^^^^^^^^^^^^^^^^^
ValueError: Unable to load PEM file. See https://cryptography.io/en/latest/faq/#why-can-t-i-import-my-pem-file for more details. MalformedFraming

During handling of the above exception, another exception occurred:

Traceback (most recent call last):
  File "/home/joe/Workspace/GujPol/cctv_registry/model2/backend/.testing/lib/python3.12/site-packages/jose/backends/cryptography_backend.py", line 267, in __init__
    self.prepared_key = load_pem_private_key(key, password=None, backend=self.cryptography_backend())
                        ^^^^^^^^^^^^^^^^^^^^^^^^^^^^^^^^^^^^^^^^^^^^^^^^^^^^^^^^^^^^^^^^^^^^^^^^^^^^^
ValueError: Unable to load PEM file. See https://cryptography.io/en/latest/faq/#why-can-t-i-import-my-pem-file for more details. MalformedFraming

During handling of the above exception, another exception occurred:

Traceback (most recent call last):
  File "/home/joe/Workspace/GujPol/cctv_registry/model2/backend/.testing/lib/python3.12/site-packages/uvicorn/protocols/http/httptools_impl.py", line 401, in run_asgi
    result = await app(  # type: ignore[func-returns-value]
             ^^^^^^^^^^^^^^^^^^^^^^^^^^^^^^^^^^^^^^^^^^^^^^
  File "/home/joe/Workspace/GujPol/cctv_registry/model2/backend/.testing/lib/python3.12/site-packages/uvicorn/middleware/proxy_headers.py", line 70, in __call__
    return await self.app(scope, receive, send)
           ^^^^^^^^^^^^^^^^^^^^^^^^^^^^^^^^^^^^
  File "/home/joe/Workspace/GujPol/cctv_registry/model2/backend/.testing/lib/python3.12/site-packages/fastapi/applications.py", line 1054, in __call__
    await super().__call__(scope, receive, send)
  File "/home/joe/Workspace/GujPol/cctv_registry/model2/backend/.testing/lib/python3.12/site-packages/starlette/applications.py", line 113, in __call__
    await self.middleware_stack(scope, receive, send)
  File "/home/joe/Workspace/GujPol/cctv_registry/model2/backend/.testing/lib/python3.12/site-packages/starlette/middleware/errors.py", line 187, in __call__
    raise exc
  File "/home/joe/Workspace/GujPol/cctv_registry/model2/backend/.testing/lib/python3.12/site-packages/starlette/middleware/errors.py", line 165, in __call__
    await self.app(scope, receive, _send)
  File "/home/joe/Workspace/GujPol/cctv_registry/model2/backend/.testing/lib/python3.12/site-packages/starlette/middleware/cors.py", line 93, in __call__
    await self.simple_response(scope, receive, send, request_headers=headers)
  File "/home/joe/Workspace/GujPol/cctv_registry/model2/backend/.testing/lib/python3.12/site-packages/starlette/middleware/cors.py", line 144, in simple_response
    await self.app(scope, receive, send)
  File "/home/joe/Workspace/GujPol/cctv_registry/model2/backend/.testing/lib/python3.12/site-packages/starlette/middleware/exceptions.py", line 62, in __call__
    await wrap_app_handling_exceptions(self.app, conn)(scope, receive, send)
  File "/home/joe/Workspace/GujPol/cctv_registry/model2/backend/.testing/lib/python3.12/site-packages/starlette/_exception_handler.py", line 62, in wrapped_app
    raise exc
  File "/home/joe/Workspace/GujPol/cctv_registry/model2/backend/.testing/lib/python3.12/site-packages/starlette/_exception_handler.py", line 51, in wrapped_app
    await app(scope, receive, sender)
  File "/home/joe/Workspace/GujPol/cctv_registry/model2/backend/.testing/lib/python3.12/site-packages/starlette/routing.py", line 715, in __call__
    await self.middleware_stack(scope, receive, send)
  File "/home/joe/Workspace/GujPol/cctv_registry/model2/backend/.testing/lib/python3.12/site-packages/starlette/routing.py", line 735, in app
    await route.handle(scope, receive, send)
  File "/home/joe/Workspace/GujPol/cctv_registry/model2/backend/.testing/lib/python3.12/site-packages/starlette/routing.py", line 288, in handle
    await self.app(scope, receive, send)
  File "/home/joe/Workspace/GujPol/cctv_registry/model2/backend/.testing/lib/python3.12/site-packages/starlette/routing.py", line 76, in app
    await wrap_app_handling_exceptions(app, request)(scope, receive, send)
  File "/home/joe/Workspace/GujPol/cctv_registry/model2/backend/.testing/lib/python3.12/site-packages/starlette/_exception_handler.py", line 62, in wrapped_app
    raise exc
  File "/home/joe/Workspace/GujPol/cctv_registry/model2/backend/.testing/lib/python3.12/site-packages/starlette/_exception_handler.py", line 51, in wrapped_app
    await app(scope, receive, sender)
  File "/home/joe/Workspace/GujPol/cctv_registry/model2/backend/.testing/lib/python3.12/site-packages/starlette/routing.py", line 73, in app
    response = await f(request)
               ^^^^^^^^^^^^^^^^
  File "/home/joe/Workspace/GujPol/cctv_registry/model2/backend/.testing/lib/python3.12/site-packages/fastapi/routing.py", line 291, in app
    solved_result = await solve_dependencies(
                    ^^^^^^^^^^^^^^^^^^^^^^^^^
  File "/home/joe/Workspace/GujPol/cctv_registry/model2/backend/.testing/lib/python3.12/site-packages/fastapi/dependencies/utils.py", line 628, in solve_dependencies
    solved = await call(**solved_result.values)
             ^^^^^^^^^^^^^^^^^^^^^^^^^^^^^^^^^^
  File "/home/joe/Workspace/GujPol/cctv_registry/model2/backend/auth.py", line 66, in get_current_user
    return _decode_token_to_user(token, db)
           ^^^^^^^^^^^^^^^^^^^^^^^^^^^^^^^^
  File "/home/joe/Workspace/GujPol/cctv_registry/model2/backend/auth.py", line 47, in _decode_token_to_user
    payload = jwt.decode(token, SECRET_KEY, algorithms=[ALGORITHM])
              ^^^^^^^^^^^^^^^^^^^^^^^^^^^^^^^^^^^^^^^^^^^^^^^^^^^^^
  File "/home/joe/Workspace/GujPol/cctv_registry/model2/backend/.testing/lib/python3.12/site-packages/jose/jwt.py", line 142, in decode
    payload = jws.verify(token, key, algorithms, verify=verify_signature)
              ^^^^^^^^^^^^^^^^^^^^^^^^^^^^^^^^^^^^^^^^^^^^^^^^^^^^^^^^^^^
  File "/home/joe/Workspace/GujPol/cctv_registry/model2/backend/.testing/lib/python3.12/site-packages/jose/jws.py", line 73, in verify
    _verify_signature(signing_input, header, signature, key, algorithms)
  File "/home/joe/Workspace/GujPol/cctv_registry/model2/backend/.testing/lib/python3.12/site-packages/jose/jws.py", line 261, in _verify_signature
    if not _sig_matches_keys(keys, signing_input, signature, alg):
           ^^^^^^^^^^^^^^^^^^^^^^^^^^^^^^^^^^^^^^^^^^^^^^^^^^^^^^
  File "/home/joe/Workspace/GujPol/cctv_registry/model2/backend/.testing/lib/python3.12/site-packages/jose/jws.py", line 208, in _sig_matches_keys
    key = jwk.construct(key, alg)
          ^^^^^^^^^^^^^^^^^^^^^^^
  File "/home/joe/Workspace/GujPol/cctv_registry/model2/backend/.testing/lib/python3.12/site-packages/jose/jwk.py", line 79, in construct
    return key_class(key_data, algorithm)
           ^^^^^^^^^^^^^^^^^^^^^^^^^^^^^^
  File "/home/joe/Workspace/GujPol/cctv_registry/model2/backend/.testing/lib/python3.12/site-packages/jose/backends/cryptography_backend.py", line 269, in __init__
    raise JWKError(e)
jose.exceptions.JWKError: Unable to load PEM file. See https://cryptography.io/en/latest/faq/#why-can-t-i-import-my-pem-file for more details. MalformedFraming
INFO:     127.0.0.1:59478 - "GET /api/v2/sources/status/workers HTTP/1.1" 500 Internal Server Error
ERROR:    Exception in ASGI application
Traceback (most recent call last):
  File "/home/joe/Workspace/GujPol/cctv_registry/model2/backend/.testing/lib/python3.12/site-packages/jose/backends/cryptography_backend.py", line 265, in __init__
    self.prepared_key = load_pem_public_key(key, self.cryptography_backend())
                        ^^^^^^^^^^^^^^^^^^^^^^^^^^^^^^^^^^^^^^^^^^^^^^^^^^^^^
ValueError: Unable to load PEM file. See https://cryptography.io/en/latest/faq/#why-can-t-i-import-my-pem-file for more details. MalformedFraming

During handling of the above exception, another exception occurred:

Traceback (most recent call last):
  File "/home/joe/Workspace/GujPol/cctv_registry/model2/backend/.testing/lib/python3.12/site-packages/jose/backends/cryptography_backend.py", line 267, in __init__
    self.prepared_key = load_pem_private_key(key, password=None, backend=self.cryptography_backend())
                        ^^^^^^^^^^^^^^^^^^^^^^^^^^^^^^^^^^^^^^^^^^^^^^^^^^^^^^^^^^^^^^^^^^^^^^^^^^^^^
ValueError: Unable to load PEM file. See https://cryptography.io/en/latest/faq/#why-can-t-i-import-my-pem-file for more details. MalformedFraming

During handling of the above exception, another exception occurred:

Traceback (most recent call last):
  File "/home/joe/Workspace/GujPol/cctv_registry/model2/backend/.testing/lib/python3.12/site-packages/uvicorn/protocols/http/httptools_impl.py", line 401, in run_asgi
    result = await app(  # type: ignore[func-returns-value]
             ^^^^^^^^^^^^^^^^^^^^^^^^^^^^^^^^^^^^^^^^^^^^^^
  File "/home/joe/Workspace/GujPol/cctv_registry/model2/backend/.testing/lib/python3.12/site-packages/uvicorn/middleware/proxy_headers.py", line 70, in __call__
    return await self.app(scope, receive, send)
           ^^^^^^^^^^^^^^^^^^^^^^^^^^^^^^^^^^^^
  File "/home/joe/Workspace/GujPol/cctv_registry/model2/backend/.testing/lib/python3.12/site-packages/fastapi/applications.py", line 1054, in __call__
    await super().__call__(scope, receive, send)
  File "/home/joe/Workspace/GujPol/cctv_registry/model2/backend/.testing/lib/python3.12/site-packages/starlette/applications.py", line 113, in __call__
    await self.middleware_stack(scope, receive, send)
  File "/home/joe/Workspace/GujPol/cctv_registry/model2/backend/.testing/lib/python3.12/site-packages/starlette/middleware/errors.py", line 187, in __call__
    raise exc
  File "/home/joe/Workspace/GujPol/cctv_registry/model2/backend/.testing/lib/python3.12/site-packages/starlette/middleware/errors.py", line 165, in __call__
    await self.app(scope, receive, _send)
  File "/home/joe/Workspace/GujPol/cctv_registry/model2/backend/.testing/lib/python3.12/site-packages/starlette/middleware/cors.py", line 93, in __call__
    await self.simple_response(scope, receive, send, request_headers=headers)
  File "/home/joe/Workspace/GujPol/cctv_registry/model2/backend/.testing/lib/python3.12/site-packages/starlette/middleware/cors.py", line 144, in simple_response
    await self.app(scope, receive, send)
  File "/home/joe/Workspace/GujPol/cctv_registry/model2/backend/.testing/lib/python3.12/site-packages/starlette/middleware/exceptions.py", line 62, in __call__
    await wrap_app_handling_exceptions(self.app, conn)(scope, receive, send)
  File "/home/joe/Workspace/GujPol/cctv_registry/model2/backend/.testing/lib/python3.12/site-packages/starlette/_exception_handler.py", line 62, in wrapped_app
    raise exc
  File "/home/joe/Workspace/GujPol/cctv_registry/model2/backend/.testing/lib/python3.12/site-packages/starlette/_exception_handler.py", line 51, in wrapped_app
    await app(scope, receive, sender)
  File "/home/joe/Workspace/GujPol/cctv_registry/model2/backend/.testing/lib/python3.12/site-packages/starlette/routing.py", line 715, in __call__
    await self.middleware_stack(scope, receive, send)
  File "/home/joe/Workspace/GujPol/cctv_registry/model2/backend/.testing/lib/python3.12/site-packages/starlette/routing.py", line 735, in app
    await route.handle(scope, receive, send)
  File "/home/joe/Workspace/GujPol/cctv_registry/model2/backend/.testing/lib/python3.12/site-packages/starlette/routing.py", line 288, in handle
    await self.app(scope, receive, send)
  File "/home/joe/Workspace/GujPol/cctv_registry/model2/backend/.testing/lib/python3.12/site-packages/starlette/routing.py", line 76, in app
    await wrap_app_handling_exceptions(app, request)(scope, receive, send)
  File "/home/joe/Workspace/GujPol/cctv_registry/model2/backend/.testing/lib/python3.12/site-packages/starlette/_exception_handler.py", line 62, in wrapped_app
    raise exc
  File "/home/joe/Workspace/GujPol/cctv_registry/model2/backend/.testing/lib/python3.12/site-packages/starlette/_exception_handler.py", line 51, in wrapped_app
    await app(scope, receive, sender)
  File "/home/joe/Workspace/GujPol/cctv_registry/model2/backend/.testing/lib/python3.12/site-packages/starlette/routing.py", line 73, in app
    response = await f(request)
               ^^^^^^^^^^^^^^^^
  File "/home/joe/Workspace/GujPol/cctv_registry/model2/backend/.testing/lib/python3.12/site-packages/fastapi/routing.py", line 291, in app
    solved_result = await solve_dependencies(
                    ^^^^^^^^^^^^^^^^^^^^^^^^^
  File "/home/joe/Workspace/GujPol/cctv_registry/model2/backend/.testing/lib/python3.12/site-packages/fastapi/dependencies/utils.py", line 628, in solve_dependencies
    solved = await call(**solved_result.values)
             ^^^^^^^^^^^^^^^^^^^^^^^^^^^^^^^^^^
  File "/home/joe/Workspace/GujPol/cctv_registry/model2/backend/auth.py", line 66, in get_current_user
    return _decode_token_to_user(token, db)
           ^^^^^^^^^^^^^^^^^^^^^^^^^^^^^^^^
  File "/home/joe/Workspace/GujPol/cctv_registry/model2/backend/auth.py", line 47, in _decode_token_to_user
    payload = jwt.decode(token, SECRET_KEY, algorithms=[ALGORITHM])
              ^^^^^^^^^^^^^^^^^^^^^^^^^^^^^^^^^^^^^^^^^^^^^^^^^^^^^
  File "/home/joe/Workspace/GujPol/cctv_registry/model2/backend/.testing/lib/python3.12/site-packages/jose/jwt.py", line 142, in decode
    payload = jws.verify(token, key, algorithms, verify=verify_signature)
              ^^^^^^^^^^^^^^^^^^^^^^^^^^^^^^^^^^^^^^^^^^^^^^^^^^^^^^^^^^^
  File "/home/joe/Workspace/GujPol/cctv_registry/model2/backend/.testing/lib/python3.12/site-packages/jose/jws.py", line 73, in verify
    _verify_signature(signing_input, header, signature, key, algorithms)
  File "/home/joe/Workspace/GujPol/cctv_registry/model2/backend/.testing/lib/python3.12/site-packages/jose/jws.py", line 261, in _verify_signature
    if not _sig_matches_keys(keys, signing_input, signature, alg):
           ^^^^^^^^^^^^^^^^^^^^^^^^^^^^^^^^^^^^^^^^^^^^^^^^^^^^^^
  File "/home/joe/Workspace/GujPol/cctv_registry/model2/backend/.testing/lib/python3.12/site-packages/jose/jws.py", line 208, in _sig_matches_keys
    key = jwk.construct(key, alg)
          ^^^^^^^^^^^^^^^^^^^^^^^
  File "/home/joe/Workspace/GujPol/cctv_registry/model2/backend/.testing/lib/python3.12/site-packages/jose/jwk.py", line 79, in construct
    return key_class(key_data, algorithm)
           ^^^^^^^^^^^^^^^^^^^^^^^^^^^^^^
  File "/home/joe/Workspace/GujPol/cctv_registry/model2/backend/.testing/lib/python3.12/site-packages/jose/backends/cryptography_backend.py", line 269, in __init__
    raise JWKError(e)
jose.exceptions.JWKError: Unable to load PEM file. See https://cryptography.io/en/latest/faq/#why-can-t-i-import-my-pem-file for more details. MalformedFraming
INFO:     127.0.0.1:59464 - "GET /api/v2/sources HTTP/1.1" 500 Internal Server Error
ERROR:    Exception in ASGI application
Traceback (most recent call last):
  File "/home/joe/Workspace/GujPol/cctv_registry/model2/backend/.testing/lib/python3.12/site-packages/jose/backends/cryptography_backend.py", line 265, in __init__
    self.prepared_key = load_pem_public_key(key, self.cryptography_backend())
                        ^^^^^^^^^^^^^^^^^^^^^^^^^^^^^^^^^^^^^^^^^^^^^^^^^^^^^
ValueError: Unable to load PEM file. See https://cryptography.io/en/latest/faq/#why-can-t-i-import-my-pem-file for more details. MalformedFraming

During handling of the above exception, another exception occurred:

Traceback (most recent call last):
  File "/home/joe/Workspace/GujPol/cctv_registry/model2/backend/.testing/lib/python3.12/site-packages/jose/backends/cryptography_backend.py", line 267, in __init__
    self.prepared_key = load_pem_private_key(key, password=None, backend=self.cryptography_backend())
                        ^^^^^^^^^^^^^^^^^^^^^^^^^^^^^^^^^^^^^^^^^^^^^^^^^^^^^^^^^^^^^^^^^^^^^^^^^^^^^
ValueError: Unable to load PEM file. See https://cryptography.io/en/latest/faq/#why-can-t-i-import-my-pem-file for more details. MalformedFraming

During handling of the above exception, another exception occurred:

Traceback (most recent call last):
  File "/home/joe/Workspace/GujPol/cctv_registry/model2/backend/.testing/lib/python3.12/site-packages/uvicorn/protocols/http/httptools_impl.py", line 401, in run_asgi
    result = await app(  # type: ignore[func-returns-value]
             ^^^^^^^^^^^^^^^^^^^^^^^^^^^^^^^^^^^^^^^^^^^^^^
  File "/home/joe/Workspace/GujPol/cctv_registry/model2/backend/.testing/lib/python3.12/site-packages/uvicorn/middleware/proxy_headers.py", line 70, in __call__
    return await self.app(scope, receive, send)
           ^^^^^^^^^^^^^^^^^^^^^^^^^^^^^^^^^^^^
  File "/home/joe/Workspace/GujPol/cctv_registry/model2/backend/.testing/lib/python3.12/site-packages/fastapi/applications.py", line 1054, in __call__
    await super().__call__(scope, receive, send)
  File "/home/joe/Workspace/GujPol/cctv_registry/model2/backend/.testing/lib/python3.12/site-packages/starlette/applications.py", line 113, in __call__
    await self.middleware_stack(scope, receive, send)
  File "/home/joe/Workspace/GujPol/cctv_registry/model2/backend/.testing/lib/python3.12/site-packages/starlette/middleware/errors.py", line 187, in __call__
    raise exc
  File "/home/joe/Workspace/GujPol/cctv_registry/model2/backend/.testing/lib/python3.12/site-packages/starlette/middleware/errors.py", line 165, in __call__
    await self.app(scope, receive, _send)
  File "/home/joe/Workspace/GujPol/cctv_registry/model2/backend/.testing/lib/python3.12/site-packages/starlette/middleware/cors.py", line 93, in __call__
    await self.simple_response(scope, receive, send, request_headers=headers)
  File "/home/joe/Workspace/GujPol/cctv_registry/model2/backend/.testing/lib/python3.12/site-packages/starlette/middleware/cors.py", line 144, in simple_response
    await self.app(scope, receive, send)
  File "/home/joe/Workspace/GujPol/cctv_registry/model2/backend/.testing/lib/python3.12/site-packages/starlette/middleware/exceptions.py", line 62, in __call__
    await wrap_app_handling_exceptions(self.app, conn)(scope, receive, send)
  File "/home/joe/Workspace/GujPol/cctv_registry/model2/backend/.testing/lib/python3.12/site-packages/starlette/_exception_handler.py", line 62, in wrapped_app
    raise exc
  File "/home/joe/Workspace/GujPol/cctv_registry/model2/backend/.testing/lib/python3.12/site-packages/starlette/_exception_handler.py", line 51, in wrapped_app
    await app(scope, receive, sender)
  File "/home/joe/Workspace/GujPol/cctv_registry/model2/backend/.testing/lib/python3.12/site-packages/starlette/routing.py", line 715, in __call__
    await self.middleware_stack(scope, receive, send)
  File "/home/joe/Workspace/GujPol/cctv_registry/model2/backend/.testing/lib/python3.12/site-packages/starlette/routing.py", line 735, in app
    await route.handle(scope, receive, send)
  File "/home/joe/Workspace/GujPol/cctv_registry/model2/backend/.testing/lib/python3.12/site-packages/starlette/routing.py", line 288, in handle
    await self.app(scope, receive, send)
  File "/home/joe/Workspace/GujPol/cctv_registry/model2/backend/.testing/lib/python3.12/site-packages/starlette/routing.py", line 76, in app
    await wrap_app_handling_exceptions(app, request)(scope, receive, send)
  File "/home/joe/Workspace/GujPol/cctv_registry/model2/backend/.testing/lib/python3.12/site-packages/starlette/_exception_handler.py", line 62, in wrapped_app
    raise exc
  File "/home/joe/Workspace/GujPol/cctv_registry/model2/backend/.testing/lib/python3.12/site-packages/starlette/_exception_handler.py", line 51, in wrapped_app
    await app(scope, receive, sender)
  File "/home/joe/Workspace/GujPol/cctv_registry/model2/backend/.testing/lib/python3.12/site-packages/starlette/routing.py", line 73, in app
    response = await f(request)
               ^^^^^^^^^^^^^^^^
  File "/home/joe/Workspace/GujPol/cctv_registry/model2/backend/.testing/lib/python3.12/site-packages/fastapi/routing.py", line 291, in app
    solved_result = await solve_dependencies(
                    ^^^^^^^^^^^^^^^^^^^^^^^^^
  File "/home/joe/Workspace/GujPol/cctv_registry/model2/backend/.testing/lib/python3.12/site-packages/fastapi/dependencies/utils.py", line 628, in solve_dependencies
    solved = await call(**solved_result.values)
             ^^^^^^^^^^^^^^^^^^^^^^^^^^^^^^^^^^
  File "/home/joe/Workspace/GujPol/cctv_registry/model2/backend/auth.py", line 66, in get_current_user
    return _decode_token_to_user(token, db)
           ^^^^^^^^^^^^^^^^^^^^^^^^^^^^^^^^
  File "/home/joe/Workspace/GujPol/cctv_registry/model2/backend/auth.py", line 47, in _decode_token_to_user
    payload = jwt.decode(token, SECRET_KEY, algorithms=[ALGORITHM])
              ^^^^^^^^^^^^^^^^^^^^^^^^^^^^^^^^^^^^^^^^^^^^^^^^^^^^^
  File "/home/joe/Workspace/GujPol/cctv_registry/model2/backend/.testing/lib/python3.12/site-packages/jose/jwt.py", line 142, in decode
    payload = jws.verify(token, key, algorithms, verify=verify_signature)
              ^^^^^^^^^^^^^^^^^^^^^^^^^^^^^^^^^^^^^^^^^^^^^^^^^^^^^^^^^^^
  File "/home/joe/Workspace/GujPol/cctv_registry/model2/backend/.testing/lib/python3.12/site-packages/jose/jws.py", line 73, in verify
    _verify_signature(signing_input, header, signature, key, algorithms)
  File "/home/joe/Workspace/GujPol/cctv_registry/model2/backend/.testing/lib/python3.12/site-packages/jose/jws.py", line 261, in _verify_signature
    if not _sig_matches_keys(keys, signing_input, signature, alg):
           ^^^^^^^^^^^^^^^^^^^^^^^^^^^^^^^^^^^^^^^^^^^^^^^^^^^^^^
  File "/home/joe/Workspace/GujPol/cctv_registry/model2/backend/.testing/lib/python3.12/site-packages/jose/jws.py", line 208, in _sig_matches_keys
    key = jwk.construct(key, alg)
          ^^^^^^^^^^^^^^^^^^^^^^^
  File "/home/joe/Workspace/GujPol/cctv_registry/model2/backend/.testing/lib/python3.12/site-packages/jose/jwk.py", line 79, in construct
    return key_class(key_data, algorithm)
           ^^^^^^^^^^^^^^^^^^^^^^^^^^^^^^
  File "/home/joe/Workspace/GujPol/cctv_registry/model2/backend/.testing/lib/python3.12/site-packages/jose/backends/cryptography_backend.py", line 269, in __init__
    raise JWKError(e)
jose.exceptions.JWKError: Unable to load PEM file. See https://cryptography.io/en/latest/faq/#why-can-t-i-import-my-pem-file for more details. MalformedFraming
INFO:     127.0.0.1:33044 - "GET /api/v2/anpr/events HTTP/1.1" 500 Internal Server Error
ERROR:    Exception in ASGI application
Traceback (most recent call last):
  File "/home/joe/Workspace/GujPol/cctv_registry/model2/backend/.testing/lib/python3.12/site-packages/jose/backends/cryptography_backend.py", line 265, in __init__
    self.prepared_key = load_pem_public_key(key, self.cryptography_backend())
                        ^^^^^^^^^^^^^^^^^^^^^^^^^^^^^^^^^^^^^^^^^^^^^^^^^^^^^
ValueError: Unable to load PEM file. See https://cryptography.io/en/latest/faq/#why-can-t-i-import-my-pem-file for more details. MalformedFraming

During handling of the above exception, another exception occurred:

Traceback (most recent call last):
  File "/home/joe/Workspace/GujPol/cctv_registry/model2/backend/.testing/lib/python3.12/site-packages/jose/backends/cryptography_backend.py", line 267, in __init__
    self.prepared_key = load_pem_private_key(key, password=None, backend=self.cryptography_backend())
                        ^^^^^^^^^^^^^^^^^^^^^^^^^^^^^^^^^^^^^^^^^^^^^^^^^^^^^^^^^^^^^^^^^^^^^^^^^^^^^
ValueError: Unable to load PEM file. See https://cryptography.io/en/latest/faq/#why-can-t-i-import-my-pem-file for more details. MalformedFraming

During handling of the above exception, another exception occurred:

Traceback (most recent call last):
  File "/home/joe/Workspace/GujPol/cctv_registry/model2/backend/.testing/lib/python3.12/site-packages/uvicorn/protocols/http/httptools_impl.py", line 401, in run_asgi
    result = await app(  # type: ignore[func-returns-value]
             ^^^^^^^^^^^^^^^^^^^^^^^^^^^^^^^^^^^^^^^^^^^^^^
  File "/home/joe/Workspace/GujPol/cctv_registry/model2/backend/.testing/lib/python3.12/site-packages/uvicorn/middleware/proxy_headers.py", line 70, in __call__
    return await self.app(scope, receive, send)
           ^^^^^^^^^^^^^^^^^^^^^^^^^^^^^^^^^^^^
  File "/home/joe/Workspace/GujPol/cctv_registry/model2/backend/.testing/lib/python3.12/site-packages/fastapi/applications.py", line 1054, in __call__
    await super().__call__(scope, receive, send)
  File "/home/joe/Workspace/GujPol/cctv_registry/model2/backend/.testing/lib/python3.12/site-packages/starlette/applications.py", line 113, in __call__
    await self.middleware_stack(scope, receive, send)
  File "/home/joe/Workspace/GujPol/cctv_registry/model2/backend/.testing/lib/python3.12/site-packages/starlette/middleware/errors.py", line 187, in __call__
    raise exc
  File "/home/joe/Workspace/GujPol/cctv_registry/model2/backend/.testing/lib/python3.12/site-packages/starlette/middleware/errors.py", line 165, in __call__
    await self.app(scope, receive, _send)
  File "/home/joe/Workspace/GujPol/cctv_registry/model2/backend/.testing/lib/python3.12/site-packages/starlette/middleware/cors.py", line 85, in __call__
    await self.app(scope, receive, send)
  File "/home/joe/Workspace/GujPol/cctv_registry/model2/backend/.testing/lib/python3.12/site-packages/starlette/middleware/exceptions.py", line 62, in __call__
    await wrap_app_handling_exceptions(self.app, conn)(scope, receive, send)
  File "/home/joe/Workspace/GujPol/cctv_registry/model2/backend/.testing/lib/python3.12/site-packages/starlette/_exception_handler.py", line 62, in wrapped_app
    raise exc
  File "/home/joe/Workspace/GujPol/cctv_registry/model2/backend/.testing/lib/python3.12/site-packages/starlette/_exception_handler.py", line 51, in wrapped_app
    await app(scope, receive, sender)
  File "/home/joe/Workspace/GujPol/cctv_registry/model2/backend/.testing/lib/python3.12/site-packages/starlette/routing.py", line 715, in __call__
    await self.middleware_stack(scope, receive, send)
  File "/home/joe/Workspace/GujPol/cctv_registry/model2/backend/.testing/lib/python3.12/site-packages/starlette/routing.py", line 735, in app
    await route.handle(scope, receive, send)
  File "/home/joe/Workspace/GujPol/cctv_registry/model2/backend/.testing/lib/python3.12/site-packages/starlette/routing.py", line 288, in handle
    await self.app(scope, receive, send)
  File "/home/joe/Workspace/GujPol/cctv_registry/model2/backend/.testing/lib/python3.12/site-packages/starlette/routing.py", line 76, in app
    await wrap_app_handling_exceptions(app, request)(scope, receive, send)
  File "/home/joe/Workspace/GujPol/cctv_registry/model2/backend/.testing/lib/python3.12/site-packages/starlette/_exception_handler.py", line 62, in wrapped_app
    raise exc
  File "/home/joe/Workspace/GujPol/cctv_registry/model2/backend/.testing/lib/python3.12/site-packages/starlette/_exception_handler.py", line 51, in wrapped_app
    await app(scope, receive, sender)
  File "/home/joe/Workspace/GujPol/cctv_registry/model2/backend/.testing/lib/python3.12/site-packages/starlette/routing.py", line 73, in app
    response = await f(request)
               ^^^^^^^^^^^^^^^^
  File "/home/joe/Workspace/GujPol/cctv_registry/model2/backend/.testing/lib/python3.12/site-packages/fastapi/routing.py", line 291, in app
    solved_result = await solve_dependencies(
                    ^^^^^^^^^^^^^^^^^^^^^^^^^
  File "/home/joe/Workspace/GujPol/cctv_registry/model2/backend/.testing/lib/python3.12/site-packages/fastapi/dependencies/utils.py", line 628, in solve_dependencies
    solved = await call(**solved_result.values)
             ^^^^^^^^^^^^^^^^^^^^^^^^^^^^^^^^^^
  File "/home/joe/Workspace/GujPol/cctv_registry/model2/backend/auth.py", line 66, in get_current_user
    return _decode_token_to_user(token, db)
           ^^^^^^^^^^^^^^^^^^^^^^^^^^^^^^^^
  File "/home/joe/Workspace/GujPol/cctv_registry/model2/backend/auth.py", line 47, in _decode_token_to_user
    payload = jwt.decode(token, SECRET_KEY, algorithms=[ALGORITHM])
              ^^^^^^^^^^^^^^^^^^^^^^^^^^^^^^^^^^^^^^^^^^^^^^^^^^^^^
  File "/home/joe/Workspace/GujPol/cctv_registry/model2/backend/.testing/lib/python3.12/site-packages/jose/jwt.py", line 142, in decode
    payload = jws.verify(token, key, algorithms, verify=verify_signature)
              ^^^^^^^^^^^^^^^^^^^^^^^^^^^^^^^^^^^^^^^^^^^^^^^^^^^^^^^^^^^
  File "/home/joe/Workspace/GujPol/cctv_registry/model2/backend/.testing/lib/python3.12/site-packages/jose/jws.py", line 73, in verify
    _verify_signature(signing_input, header, signature, key, algorithms)
  File "/home/joe/Workspace/GujPol/cctv_registry/model2/backend/.testing/lib/python3.12/site-packages/jose/jws.py", line 261, in _verify_signature
    if not _sig_matches_keys(keys, signing_input, signature, alg):
           ^^^^^^^^^^^^^^^^^^^^^^^^^^^^^^^^^^^^^^^^^^^^^^^^^^^^^^
  File "/home/joe/Workspace/GujPol/cctv_registry/model2/backend/.testing/lib/python3.12/site-packages/jose/jws.py", line 208, in _sig_matches_keys
    key = jwk.construct(key, alg)
          ^^^^^^^^^^^^^^^^^^^^^^^
  File "/home/joe/Workspace/GujPol/cctv_registry/model2/backend/.testing/lib/python3.12/site-packages/jose/jwk.py", line 79, in construct
    return key_class(key_data, algorithm)
           ^^^^^^^^^^^^^^^^^^^^^^^^^^^^^^
  File "/home/joe/Workspace/GujPol/cctv_registry/model2/backend/.testing/lib/python3.12/site-packages/jose/backends/cryptography_backend.py", line 269, in __init__
    raise JWKError(e)
jose.exceptions.JWKError: Unable to load PEM file. See https://cryptography.io/en/latest/faq/#why-can-t-i-import-my-pem-file for more details. MalformedFraming
INFO:     127.0.0.1:33020 - "GET /api/v2/anpr/events HTTP/1.1" 500 Internal Server Error
ERROR:    Exception in ASGI application
Traceback (most recent call last):
  File "/home/joe/Workspace/GujPol/cctv_registry/model2/backend/.testing/lib/python3.12/site-packages/jose/backends/cryptography_backend.py", line 265, in __init__
    self.prepared_key = load_pem_public_key(key, self.cryptography_backend())
                        ^^^^^^^^^^^^^^^^^^^^^^^^^^^^^^^^^^^^^^^^^^^^^^^^^^^^^
ValueError: Unable to load PEM file. See https://cryptography.io/en/latest/faq/#why-can-t-i-import-my-pem-file for more details. MalformedFraming

During handling of the above exception, another exception occurred:

Traceback (most recent call last):
  File "/home/joe/Workspace/GujPol/cctv_registry/model2/backend/.testing/lib/python3.12/site-packages/jose/backends/cryptography_backend.py", line 267, in __init__
    self.prepared_key = load_pem_private_key(key, password=None, backend=self.cryptography_backend())
                        ^^^^^^^^^^^^^^^^^^^^^^^^^^^^^^^^^^^^^^^^^^^^^^^^^^^^^^^^^^^^^^^^^^^^^^^^^^^^^
ValueError: Unable to load PEM file. See https://cryptography.io/en/latest/faq/#why-can-t-i-import-my-pem-file for more details. MalformedFraming

During handling of the above exception, another exception occurred:

Traceback (most recent call last):
  File "/home/joe/Workspace/GujPol/cctv_registry/model2/backend/.testing/lib/python3.12/site-packages/uvicorn/protocols/http/httptools_impl.py", line 401, in run_asgi
    result = await app(  # type: ignore[func-returns-value]
             ^^^^^^^^^^^^^^^^^^^^^^^^^^^^^^^^^^^^^^^^^^^^^^
  File "/home/joe/Workspace/GujPol/cctv_registry/model2/backend/.testing/lib/python3.12/site-packages/uvicorn/middleware/proxy_headers.py", line 70, in __call__
    return await self.app(scope, receive, send)
           ^^^^^^^^^^^^^^^^^^^^^^^^^^^^^^^^^^^^
  File "/home/joe/Workspace/GujPol/cctv_registry/model2/backend/.testing/lib/python3.12/site-packages/fastapi/applications.py", line 1054, in __call__
    await super().__call__(scope, receive, send)
  File "/home/joe/Workspace/GujPol/cctv_registry/model2/backend/.testing/lib/python3.12/site-packages/starlette/applications.py", line 113, in __call__
    await self.middleware_stack(scope, receive, send)
  File "/home/joe/Workspace/GujPol/cctv_registry/model2/backend/.testing/lib/python3.12/site-packages/starlette/middleware/errors.py", line 187, in __call__
    raise exc
  File "/home/joe/Workspace/GujPol/cctv_registry/model2/backend/.testing/lib/python3.12/site-packages/starlette/middleware/errors.py", line 165, in __call__
    await self.app(scope, receive, _send)
  File "/home/joe/Workspace/GujPol/cctv_registry/model2/backend/.testing/lib/python3.12/site-packages/starlette/middleware/cors.py", line 85, in __call__
    await self.app(scope, receive, send)
  File "/home/joe/Workspace/GujPol/cctv_registry/model2/backend/.testing/lib/python3.12/site-packages/starlette/middleware/exceptions.py", line 62, in __call__
    await wrap_app_handling_exceptions(self.app, conn)(scope, receive, send)
  File "/home/joe/Workspace/GujPol/cctv_registry/model2/backend/.testing/lib/python3.12/site-packages/starlette/_exception_handler.py", line 62, in wrapped_app
    raise exc
  File "/home/joe/Workspace/GujPol/cctv_registry/model2/backend/.testing/lib/python3.12/site-packages/starlette/_exception_handler.py", line 51, in wrapped_app
    await app(scope, receive, sender)
  File "/home/joe/Workspace/GujPol/cctv_registry/model2/backend/.testing/lib/python3.12/site-packages/starlette/routing.py", line 715, in __call__
    await self.middleware_stack(scope, receive, send)
  File "/home/joe/Workspace/GujPol/cctv_registry/model2/backend/.testing/lib/python3.12/site-packages/starlette/routing.py", line 735, in app
    await route.handle(scope, receive, send)
  File "/home/joe/Workspace/GujPol/cctv_registry/model2/backend/.testing/lib/python3.12/site-packages/starlette/routing.py", line 288, in handle
    await self.app(scope, receive, send)
  File "/home/joe/Workspace/GujPol/cctv_registry/model2/backend/.testing/lib/python3.12/site-packages/starlette/routing.py", line 76, in app
    await wrap_app_handling_exceptions(app, request)(scope, receive, send)
  File "/home/joe/Workspace/GujPol/cctv_registry/model2/backend/.testing/lib/python3.12/site-packages/starlette/_exception_handler.py", line 62, in wrapped_app
    raise exc
  File "/home/joe/Workspace/GujPol/cctv_registry/model2/backend/.testing/lib/python3.12/site-packages/starlette/_exception_handler.py", line 51, in wrapped_app
    await app(scope, receive, sender)
  File "/home/joe/Workspace/GujPol/cctv_registry/model2/backend/.testing/lib/python3.12/site-packages/starlette/routing.py", line 73, in app
    response = await f(request)
               ^^^^^^^^^^^^^^^^
  File "/home/joe/Workspace/GujPol/cctv_registry/model2/backend/.testing/lib/python3.12/site-packages/fastapi/routing.py", line 291, in app
    solved_result = await solve_dependencies(
                    ^^^^^^^^^^^^^^^^^^^^^^^^^
  File "/home/joe/Workspace/GujPol/cctv_registry/model2/backend/.testing/lib/python3.12/site-packages/fastapi/dependencies/utils.py", line 628, in solve_dependencies
    solved = await call(**solved_result.values)
             ^^^^^^^^^^^^^^^^^^^^^^^^^^^^^^^^^^
  File "/home/joe/Workspace/GujPol/cctv_registry/model2/backend/auth.py", line 66, in get_current_user
    return _decode_token_to_user(token, db)
           ^^^^^^^^^^^^^^^^^^^^^^^^^^^^^^^^
  File "/home/joe/Workspace/GujPol/cctv_registry/model2/backend/auth.py", line 47, in _decode_token_to_user
    payload = jwt.decode(token, SECRET_KEY, algorithms=[ALGORITHM])
              ^^^^^^^^^^^^^^^^^^^^^^^^^^^^^^^^^^^^^^^^^^^^^^^^^^^^^
  File "/home/joe/Workspace/GujPol/cctv_registry/model2/backend/.testing/lib/python3.12/site-packages/jose/jwt.py", line 142, in decode
    payload = jws.verify(token, key, algorithms, verify=verify_signature)
              ^^^^^^^^^^^^^^^^^^^^^^^^^^^^^^^^^^^^^^^^^^^^^^^^^^^^^^^^^^^
  File "/home/joe/Workspace/GujPol/cctv_registry/model2/backend/.testing/lib/python3.12/site-packages/jose/jws.py", line 73, in verify
    _verify_signature(signing_input, header, signature, key, algorithms)
  File "/home/joe/Workspace/GujPol/cctv_registry/model2/backend/.testing/lib/python3.12/site-packages/jose/jws.py", line 261, in _verify_signature
    if not _sig_matches_keys(keys, signing_input, signature, alg):
           ^^^^^^^^^^^^^^^^^^^^^^^^^^^^^^^^^^^^^^^^^^^^^^^^^^^^^^
  File "/home/joe/Workspace/GujPol/cctv_registry/model2/backend/.testing/lib/python3.12/site-packages/jose/jws.py", line 208, in _sig_matches_keys
    key = jwk.construct(key, alg)
          ^^^^^^^^^^^^^^^^^^^^^^^
  File "/home/joe/Workspace/GujPol/cctv_registry/model2/backend/.testing/lib/python3.12/site-packages/jose/jwk.py", line 79, in construct
    return key_class(key_data, algorithm)
           ^^^^^^^^^^^^^^^^^^^^^^^^^^^^^^
  File "/home/joe/Workspace/GujPol/cctv_registry/model2/backend/.testing/lib/python3.12/site-packages/jose/backends/cryptography_backend.py", line 269, in __init__
    raise JWKError(e)
jose.exceptions.JWKError: Unable to load PEM file. See https://cryptography.io/en/latest/faq/#why-can-t-i-import-my-pem-file for more details. MalformedFraming
INFO:     127.0.0.1:33032 - "GET /api/v2/anpr/events HTTP/1.1" 500 Internal Server Error
ERROR:    Exception in ASGI application
Traceback (most recent call last):
  File "/home/joe/Workspace/GujPol/cctv_registry/model2/backend/.testing/lib/python3.12/site-packages/jose/backends/cryptography_backend.py", line 265, in __init__
    self.prepared_key = load_pem_public_key(key, self.cryptography_backend())
                        ^^^^^^^^^^^^^^^^^^^^^^^^^^^^^^^^^^^^^^^^^^^^^^^^^^^^^
ValueError: Unable to load PEM file. See https://cryptography.io/en/latest/faq/#why-can-t-i-import-my-pem-file for more details. MalformedFraming

During handling of the above exception, another exception occurred:

Traceback (most recent call last):
  File "/home/joe/Workspace/GujPol/cctv_registry/model2/backend/.testing/lib/python3.12/site-packages/jose/backends/cryptography_backend.py", line 267, in __init__
    self.prepared_key = load_pem_private_key(key, password=None, backend=self.cryptography_backend())
                        ^^^^^^^^^^^^^^^^^^^^^^^^^^^^^^^^^^^^^^^^^^^^^^^^^^^^^^^^^^^^^^^^^^^^^^^^^^^^^
ValueError: Unable to load PEM file. See https://cryptography.io/en/latest/faq/#why-can-t-i-import-my-pem-file for more details. MalformedFraming

During handling of the above exception, another exception occurred:

Traceback (most recent call last):
  File "/home/joe/Workspace/GujPol/cctv_registry/model2/backend/.testing/lib/python3.12/site-packages/uvicorn/protocols/http/httptools_impl.py", line 401, in run_asgi
    result = await app(  # type: ignore[func-returns-value]
             ^^^^^^^^^^^^^^^^^^^^^^^^^^^^^^^^^^^^^^^^^^^^^^
  File "/home/joe/Workspace/GujPol/cctv_registry/model2/backend/.testing/lib/python3.12/site-packages/uvicorn/middleware/proxy_headers.py", line 70, in __call__
    return await self.app(scope, receive, send)
           ^^^^^^^^^^^^^^^^^^^^^^^^^^^^^^^^^^^^
  File "/home/joe/Workspace/GujPol/cctv_registry/model2/backend/.testing/lib/python3.12/site-packages/fastapi/applications.py", line 1054, in __call__
    await super().__call__(scope, receive, send)
  File "/home/joe/Workspace/GujPol/cctv_registry/model2/backend/.testing/lib/python3.12/site-packages/starlette/applications.py", line 113, in __call__
    await self.middleware_stack(scope, receive, send)
  File "/home/joe/Workspace/GujPol/cctv_registry/model2/backend/.testing/lib/python3.12/site-packages/starlette/middleware/errors.py", line 187, in __call__
    raise exc
  File "/home/joe/Workspace/GujPol/cctv_registry/model2/backend/.testing/lib/python3.12/site-packages/starlette/middleware/errors.py", line 165, in __call__
    await self.app(scope, receive, _send)
  File "/home/joe/Workspace/GujPol/cctv_registry/model2/backend/.testing/lib/python3.12/site-packages/starlette/middleware/cors.py", line 85, in __call__
    await self.app(scope, receive, send)
  File "/home/joe/Workspace/GujPol/cctv_registry/model2/backend/.testing/lib/python3.12/site-packages/starlette/middleware/exceptions.py", line 62, in __call__
    await wrap_app_handling_exceptions(self.app, conn)(scope, receive, send)
  File "/home/joe/Workspace/GujPol/cctv_registry/model2/backend/.testing/lib/python3.12/site-packages/starlette/_exception_handler.py", line 62, in wrapped_app
    raise exc
  File "/home/joe/Workspace/GujPol/cctv_registry/model2/backend/.testing/lib/python3.12/site-packages/starlette/_exception_handler.py", line 51, in wrapped_app
    await app(scope, receive, sender)
  File "/home/joe/Workspace/GujPol/cctv_registry/model2/backend/.testing/lib/python3.12/site-packages/starlette/routing.py", line 715, in __call__
    await self.middleware_stack(scope, receive, send)
  File "/home/joe/Workspace/GujPol/cctv_registry/model2/backend/.testing/lib/python3.12/site-packages/starlette/routing.py", line 735, in app
    await route.handle(scope, receive, send)
  File "/home/joe/Workspace/GujPol/cctv_registry/model2/backend/.testing/lib/python3.12/site-packages/starlette/routing.py", line 288, in handle
    await self.app(scope, receive, send)
  File "/home/joe/Workspace/GujPol/cctv_registry/model2/backend/.testing/lib/python3.12/site-packages/starlette/routing.py", line 76, in app
    await wrap_app_handling_exceptions(app, request)(scope, receive, send)
  File "/home/joe/Workspace/GujPol/cctv_registry/model2/backend/.testing/lib/python3.12/site-packages/starlette/_exception_handler.py", line 62, in wrapped_app
    raise exc
  File "/home/joe/Workspace/GujPol/cctv_registry/model2/backend/.testing/lib/python3.12/site-packages/starlette/_exception_handler.py", line 51, in wrapped_app
    await app(scope, receive, sender)
  File "/home/joe/Workspace/GujPol/cctv_registry/model2/backend/.testing/lib/python3.12/site-packages/starlette/routing.py", line 73, in app
    response = await f(request)
               ^^^^^^^^^^^^^^^^
  File "/home/joe/Workspace/GujPol/cctv_registry/model2/backend/.testing/lib/python3.12/site-packages/fastapi/routing.py", line 291, in app
    solved_result = await solve_dependencies(
                    ^^^^^^^^^^^^^^^^^^^^^^^^^
  File "/home/joe/Workspace/GujPol/cctv_registry/model2/backend/.testing/lib/python3.12/site-packages/fastapi/dependencies/utils.py", line 628, in solve_dependencies
    solved = await call(**solved_result.values)
             ^^^^^^^^^^^^^^^^^^^^^^^^^^^^^^^^^^
  File "/home/joe/Workspace/GujPol/cctv_registry/model2/backend/auth.py", line 66, in get_current_user
    return _decode_token_to_user(token, db)
           ^^^^^^^^^^^^^^^^^^^^^^^^^^^^^^^^
  File "/home/joe/Workspace/GujPol/cctv_registry/model2/backend/auth.py", line 47, in _decode_token_to_user
    payload = jwt.decode(token, SECRET_KEY, algorithms=[ALGORITHM])
              ^^^^^^^^^^^^^^^^^^^^^^^^^^^^^^^^^^^^^^^^^^^^^^^^^^^^^
  File "/home/joe/Workspace/GujPol/cctv_registry/model2/backend/.testing/lib/python3.12/site-packages/jose/jwt.py", line 142, in decode
    payload = jws.verify(token, key, algorithms, verify=verify_signature)
              ^^^^^^^^^^^^^^^^^^^^^^^^^^^^^^^^^^^^^^^^^^^^^^^^^^^^^^^^^^^
  File "/home/joe/Workspace/GujPol/cctv_registry/model2/backend/.testing/lib/python3.12/site-packages/jose/jws.py", line 73, in verify
    _verify_signature(signing_input, header, signature, key, algorithms)
  File "/home/joe/Workspace/GujPol/cctv_registry/model2/backend/.testing/lib/python3.12/site-packages/jose/jws.py", line 261, in _verify_signature
    if not _sig_matches_keys(keys, signing_input, signature, alg):
           ^^^^^^^^^^^^^^^^^^^^^^^^^^^^^^^^^^^^^^^^^^^^^^^^^^^^^^
  File "/home/joe/Workspace/GujPol/cctv_registry/model2/backend/.testing/lib/python3.12/site-packages/jose/jws.py", line 208, in _sig_matches_keys
    key = jwk.construct(key, alg)
          ^^^^^^^^^^^^^^^^^^^^^^^
  File "/home/joe/Workspace/GujPol/cctv_registry/model2/backend/.testing/lib/python3.12/site-packages/jose/jwk.py", line 79, in construct
    return key_class(key_data, algorithm)
           ^^^^^^^^^^^^^^^^^^^^^^^^^^^^^^
  File "/home/joe/Workspace/GujPol/cctv_registry/model2/backend/.testing/lib/python3.12/site-packages/jose/backends/cryptography_backend.py", line 269, in __init__
    raise JWKError(e)
jose.exceptions.JWKError: Unable to load PEM file. See https://cryptography.io/en/latest/faq/#why-can-t-i-import-my-pem-file for more details. MalformedFraming
INFO:     127.0.0.1:33076 - "GET /api/v2/anpr/events HTTP/1.1" 500 Internal Server Error
ERROR:    Exception in ASGI application
Traceback (most recent call last):
  File "/home/joe/Workspace/GujPol/cctv_registry/model2/backend/.testing/lib/python3.12/site-packages/jose/backends/cryptography_backend.py", line 265, in __init__
    self.prepared_key = load_pem_public_key(key, self.cryptography_backend())
                        ^^^^^^^^^^^^^^^^^^^^^^^^^^^^^^^^^^^^^^^^^^^^^^^^^^^^^
ValueError: Unable to load PEM file. See https://cryptography.io/en/latest/faq/#why-can-t-i-import-my-pem-file for more details. MalformedFraming

During handling of the above exception, another exception occurred:

Traceback (most recent call last):
  File "/home/joe/Workspace/GujPol/cctv_registry/model2/backend/.testing/lib/python3.12/site-packages/jose/backends/cryptography_backend.py", line 267, in __init__
    self.prepared_key = load_pem_private_key(key, password=None, backend=self.cryptography_backend())
                        ^^^^^^^^^^^^^^^^^^^^^^^^^^^^^^^^^^^^^^^^^^^^^^^^^^^^^^^^^^^^^^^^^^^^^^^^^^^^^
ValueError: Unable to load PEM file. See https://cryptography.io/en/latest/faq/#why-can-t-i-import-my-pem-file for more details. MalformedFraming

During handling of the above exception, another exception occurred:

Traceback (most recent call last):
  File "/home/joe/Workspace/GujPol/cctv_registry/model2/backend/.testing/lib/python3.12/site-packages/uvicorn/protocols/http/httptools_impl.py", line 401, in run_asgi
    result = await app(  # type: ignore[func-returns-value]
             ^^^^^^^^^^^^^^^^^^^^^^^^^^^^^^^^^^^^^^^^^^^^^^
  File "/home/joe/Workspace/GujPol/cctv_registry/model2/backend/.testing/lib/python3.12/site-packages/uvicorn/middleware/proxy_headers.py", line 70, in __call__
    return await self.app(scope, receive, send)
           ^^^^^^^^^^^^^^^^^^^^^^^^^^^^^^^^^^^^
  File "/home/joe/Workspace/GujPol/cctv_registry/model2/backend/.testing/lib/python3.12/site-packages/fastapi/applications.py", line 1054, in __call__
    await super().__call__(scope, receive, send)
  File "/home/joe/Workspace/GujPol/cctv_registry/model2/backend/.testing/lib/python3.12/site-packages/starlette/applications.py", line 113, in __call__
    await self.middleware_stack(scope, receive, send)
  File "/home/joe/Workspace/GujPol/cctv_registry/model2/backend/.testing/lib/python3.12/site-packages/starlette/middleware/errors.py", line 187, in __call__
    raise exc
  File "/home/joe/Workspace/GujPol/cctv_registry/model2/backend/.testing/lib/python3.12/site-packages/starlette/middleware/errors.py", line 165, in __call__
    await self.app(scope, receive, _send)
  File "/home/joe/Workspace/GujPol/cctv_registry/model2/backend/.testing/lib/python3.12/site-packages/starlette/middleware/cors.py", line 85, in __call__
    await self.app(scope, receive, send)
  File "/home/joe/Workspace/GujPol/cctv_registry/model2/backend/.testing/lib/python3.12/site-packages/starlette/middleware/exceptions.py", line 62, in __call__
    await wrap_app_handling_exceptions(self.app, conn)(scope, receive, send)
  File "/home/joe/Workspace/GujPol/cctv_registry/model2/backend/.testing/lib/python3.12/site-packages/starlette/_exception_handler.py", line 62, in wrapped_app
    raise exc
  File "/home/joe/Workspace/GujPol/cctv_registry/model2/backend/.testing/lib/python3.12/site-packages/starlette/_exception_handler.py", line 51, in wrapped_app
    await app(scope, receive, sender)
  File "/home/joe/Workspace/GujPol/cctv_registry/model2/backend/.testing/lib/python3.12/site-packages/starlette/routing.py", line 715, in __call__
    await self.middleware_stack(scope, receive, send)
  File "/home/joe/Workspace/GujPol/cctv_registry/model2/backend/.testing/lib/python3.12/site-packages/starlette/routing.py", line 735, in app
    await route.handle(scope, receive, send)
  File "/home/joe/Workspace/GujPol/cctv_registry/model2/backend/.testing/lib/python3.12/site-packages/starlette/routing.py", line 288, in handle
    await self.app(scope, receive, send)
  File "/home/joe/Workspace/GujPol/cctv_registry/model2/backend/.testing/lib/python3.12/site-packages/starlette/routing.py", line 76, in app
    await wrap_app_handling_exceptions(app, request)(scope, receive, send)
  File "/home/joe/Workspace/GujPol/cctv_registry/model2/backend/.testing/lib/python3.12/site-packages/starlette/_exception_handler.py", line 62, in wrapped_app
    raise exc
  File "/home/joe/Workspace/GujPol/cctv_registry/model2/backend/.testing/lib/python3.12/site-packages/starlette/_exception_handler.py", line 51, in wrapped_app
    await app(scope, receive, sender)
  File "/home/joe/Workspace/GujPol/cctv_registry/model2/backend/.testing/lib/python3.12/site-packages/starlette/routing.py", line 73, in app
    response = await f(request)
               ^^^^^^^^^^^^^^^^
  File "/home/joe/Workspace/GujPol/cctv_registry/model2/backend/.testing/lib/python3.12/site-packages/fastapi/routing.py", line 291, in app
    solved_result = await solve_dependencies(
                    ^^^^^^^^^^^^^^^^^^^^^^^^^
  File "/home/joe/Workspace/GujPol/cctv_registry/model2/backend/.testing/lib/python3.12/site-packages/fastapi/dependencies/utils.py", line 628, in solve_dependencies
    solved = await call(**solved_result.values)
             ^^^^^^^^^^^^^^^^^^^^^^^^^^^^^^^^^^
  File "/home/joe/Workspace/GujPol/cctv_registry/model2/backend/auth.py", line 66, in get_current_user
    return _decode_token_to_user(token, db)
           ^^^^^^^^^^^^^^^^^^^^^^^^^^^^^^^^
  File "/home/joe/Workspace/GujPol/cctv_registry/model2/backend/auth.py", line 47, in _decode_token_to_user
    payload = jwt.decode(token, SECRET_KEY, algorithms=[ALGORITHM])
              ^^^^^^^^^^^^^^^^^^^^^^^^^^^^^^^^^^^^^^^^^^^^^^^^^^^^^
  File "/home/joe/Workspace/GujPol/cctv_registry/model2/backend/.testing/lib/python3.12/site-packages/jose/jwt.py", line 142, in decode
    payload = jws.verify(token, key, algorithms, verify=verify_signature)
              ^^^^^^^^^^^^^^^^^^^^^^^^^^^^^^^^^^^^^^^^^^^^^^^^^^^^^^^^^^^
  File "/home/joe/Workspace/GujPol/cctv_registry/model2/backend/.testing/lib/python3.12/site-packages/jose/jws.py", line 73, in verify
    _verify_signature(signing_input, header, signature, key, algorithms)
  File "/home/joe/Workspace/GujPol/cctv_registry/model2/backend/.testing/lib/python3.12/site-packages/jose/jws.py", line 261, in _verify_signature
    if not _sig_matches_keys(keys, signing_input, signature, alg):
           ^^^^^^^^^^^^^^^^^^^^^^^^^^^^^^^^^^^^^^^^^^^^^^^^^^^^^^
  File "/home/joe/Workspace/GujPol/cctv_registry/model2/backend/.testing/lib/python3.12/site-packages/jose/jws.py", line 208, in _sig_matches_keys
    key = jwk.construct(key, alg)
          ^^^^^^^^^^^^^^^^^^^^^^^
  File "/home/joe/Workspace/GujPol/cctv_registry/model2/backend/.testing/lib/python3.12/site-packages/jose/jwk.py", line 79, in construct
    return key_class(key_data, algorithm)
           ^^^^^^^^^^^^^^^^^^^^^^^^^^^^^^
  File "/home/joe/Workspace/GujPol/cctv_registry/model2/backend/.testing/lib/python3.12/site-packages/jose/backends/cryptography_backend.py", line 269, in __init__
    raise JWKError(e)
jose.exceptions.JWKError: Unable to load PEM file. See https://cryptography.io/en/latest/faq/#why-can-t-i-import-my-pem-file for more details. MalformedFraming
INFO:     127.0.0.1:33058 - "GET /api/v2/anpr/events HTTP/1.1" 500 Internal Server Error
ERROR:    Exception in ASGI application
Traceback (most recent call last):
  File "/home/joe/Workspace/GujPol/cctv_registry/model2/backend/.testing/lib/python3.12/site-packages/jose/backends/cryptography_backend.py", line 265, in __init__
    self.prepared_key = load_pem_public_key(key, self.cryptography_backend())
                        ^^^^^^^^^^^^^^^^^^^^^^^^^^^^^^^^^^^^^^^^^^^^^^^^^^^^^
ValueError: Unable to load PEM file. See https://cryptography.io/en/latest/faq/#why-can-t-i-import-my-pem-file for more details. MalformedFraming

During handling of the above exception, another exception occurred:

Traceback (most recent call last):
  File "/home/joe/Workspace/GujPol/cctv_registry/model2/backend/.testing/lib/python3.12/site-packages/jose/backends/cryptography_backend.py", line 267, in __init__
    self.prepared_key = load_pem_private_key(key, password=None, backend=self.cryptography_backend())
                        ^^^^^^^^^^^^^^^^^^^^^^^^^^^^^^^^^^^^^^^^^^^^^^^^^^^^^^^^^^^^^^^^^^^^^^^^^^^^^
ValueError: Unable to load PEM file. See https://cryptography.io/en/latest/faq/#why-can-t-i-import-my-pem-file for more details. MalformedFraming

During handling of the above exception, another exception occurred:

Traceback (most recent call last):
  File "/home/joe/Workspace/GujPol/cctv_registry/model2/backend/.testing/lib/python3.12/site-packages/uvicorn/protocols/http/httptools_impl.py", line 401, in run_asgi
    result = await app(  # type: ignore[func-returns-value]
             ^^^^^^^^^^^^^^^^^^^^^^^^^^^^^^^^^^^^^^^^^^^^^^
  File "/home/joe/Workspace/GujPol/cctv_registry/model2/backend/.testing/lib/python3.12/site-packages/uvicorn/middleware/proxy_headers.py", line 70, in __call__
    return await self.app(scope, receive, send)
           ^^^^^^^^^^^^^^^^^^^^^^^^^^^^^^^^^^^^
  File "/home/joe/Workspace/GujPol/cctv_registry/model2/backend/.testing/lib/python3.12/site-packages/fastapi/applications.py", line 1054, in __call__
    await super().__call__(scope, receive, send)
  File "/home/joe/Workspace/GujPol/cctv_registry/model2/backend/.testing/lib/python3.12/site-packages/starlette/applications.py", line 113, in __call__
    await self.middleware_stack(scope, receive, send)
  File "/home/joe/Workspace/GujPol/cctv_registry/model2/backend/.testing/lib/python3.12/site-packages/starlette/middleware/errors.py", line 187, in __call__
    raise exc
  File "/home/joe/Workspace/GujPol/cctv_registry/model2/backend/.testing/lib/python3.12/site-packages/starlette/middleware/errors.py", line 165, in __call__
    await self.app(scope, receive, _send)
  File "/home/joe/Workspace/GujPol/cctv_registry/model2/backend/.testing/lib/python3.12/site-packages/starlette/middleware/cors.py", line 85, in __call__
    await self.app(scope, receive, send)
  File "/home/joe/Workspace/GujPol/cctv_registry/model2/backend/.testing/lib/python3.12/site-packages/starlette/middleware/exceptions.py", line 62, in __call__
    await wrap_app_handling_exceptions(self.app, conn)(scope, receive, send)
  File "/home/joe/Workspace/GujPol/cctv_registry/model2/backend/.testing/lib/python3.12/site-packages/starlette/_exception_handler.py", line 62, in wrapped_app
    raise exc
  File "/home/joe/Workspace/GujPol/cctv_registry/model2/backend/.testing/lib/python3.12/site-packages/starlette/_exception_handler.py", line 51, in wrapped_app
    await app(scope, receive, sender)
  File "/home/joe/Workspace/GujPol/cctv_registry/model2/backend/.testing/lib/python3.12/site-packages/starlette/routing.py", line 715, in __call__
    await self.middleware_stack(scope, receive, send)
  File "/home/joe/Workspace/GujPol/cctv_registry/model2/backend/.testing/lib/python3.12/site-packages/starlette/routing.py", line 735, in app
    await route.handle(scope, receive, send)
  File "/home/joe/Workspace/GujPol/cctv_registry/model2/backend/.testing/lib/python3.12/site-packages/starlette/routing.py", line 288, in handle
    await self.app(scope, receive, send)
  File "/home/joe/Workspace/GujPol/cctv_registry/model2/backend/.testing/lib/python3.12/site-packages/starlette/routing.py", line 76, in app
    await wrap_app_handling_exceptions(app, request)(scope, receive, send)
  File "/home/joe/Workspace/GujPol/cctv_registry/model2/backend/.testing/lib/python3.12/site-packages/starlette/_exception_handler.py", line 62, in wrapped_app
    raise exc
  File "/home/joe/Workspace/GujPol/cctv_registry/model2/backend/.testing/lib/python3.12/site-packages/starlette/_exception_handler.py", line 51, in wrapped_app
    await app(scope, receive, sender)
  File "/home/joe/Workspace/GujPol/cctv_registry/model2/backend/.testing/lib/python3.12/site-packages/starlette/routing.py", line 73, in app
    response = await f(request)
               ^^^^^^^^^^^^^^^^
  File "/home/joe/Workspace/GujPol/cctv_registry/model2/backend/.testing/lib/python3.12/site-packages/fastapi/routing.py", line 291, in app
    solved_result = await solve_dependencies(
                    ^^^^^^^^^^^^^^^^^^^^^^^^^
  File "/home/joe/Workspace/GujPol/cctv_registry/model2/backend/.testing/lib/python3.12/site-packages/fastapi/dependencies/utils.py", line 628, in solve_dependencies
    solved = await call(**solved_result.values)
             ^^^^^^^^^^^^^^^^^^^^^^^^^^^^^^^^^^
  File "/home/joe/Workspace/GujPol/cctv_registry/model2/backend/auth.py", line 66, in get_current_user
    return _decode_token_to_user(token, db)
           ^^^^^^^^^^^^^^^^^^^^^^^^^^^^^^^^
  File "/home/joe/Workspace/GujPol/cctv_registry/model2/backend/auth.py", line 47, in _decode_token_to_user
    payload = jwt.decode(token, SECRET_KEY, algorithms=[ALGORITHM])
              ^^^^^^^^^^^^^^^^^^^^^^^^^^^^^^^^^^^^^^^^^^^^^^^^^^^^^
  File "/home/joe/Workspace/GujPol/cctv_registry/model2/backend/.testing/lib/python3.12/site-packages/jose/jwt.py", line 142, in decode
    payload = jws.verify(token, key, algorithms, verify=verify_signature)
              ^^^^^^^^^^^^^^^^^^^^^^^^^^^^^^^^^^^^^^^^^^^^^^^^^^^^^^^^^^^
  File "/home/joe/Workspace/GujPol/cctv_registry/model2/backend/.testing/lib/python3.12/site-packages/jose/jws.py", line 73, in verify
    _verify_signature(signing_input, header, signature, key, algorithms)
  File "/home/joe/Workspace/GujPol/cctv_registry/model2/backend/.testing/lib/python3.12/site-packages/jose/jws.py", line 261, in _verify_signature
    if not _sig_matches_keys(keys, signing_input, signature, alg):
           ^^^^^^^^^^^^^^^^^^^^^^^^^^^^^^^^^^^^^^^^^^^^^^^^^^^^^^
  File "/home/joe/Workspace/GujPol/cctv_registry/model2/backend/.testing/lib/python3.12/site-packages/jose/jws.py", line 208, in _sig_matches_keys
    key = jwk.construct(key, alg)
          ^^^^^^^^^^^^^^^^^^^^^^^
  File "/home/joe/Workspace/GujPol/cctv_registry/model2/backend/.testing/lib/python3.12/site-packages/jose/jwk.py", line 79, in construct
    return key_class(key_data, algorithm)
           ^^^^^^^^^^^^^^^^^^^^^^^^^^^^^^
  File "/home/joe/Workspace/GujPol/cctv_registry/model2/backend/.testing/lib/python3.12/site-packages/jose/backends/cryptography_backend.py", line 269, in __init__
    raise JWKError(e)
jose.exceptions.JWKError: Unable to load PEM file. See https://cryptography.io/en/latest/faq/#why-can-t-i-import-my-pem-file for more details. MalformedFraming
INFO:     127.0.0.1:33066 - "GET /api/v2/anpr/events HTTP/1.1" 500 Internal Server Error
ERROR:    Exception in ASGI application
Traceback (most recent call last):
  File "/home/joe/Workspace/GujPol/cctv_registry/model2/backend/.testing/lib/python3.12/site-packages/jose/backends/cryptography_backend.py", line 265, in __init__
    self.prepared_key = load_pem_public_key(key, self.cryptography_backend())
                        ^^^^^^^^^^^^^^^^^^^^^^^^^^^^^^^^^^^^^^^^^^^^^^^^^^^^^
ValueError: Unable to load PEM file. See https://cryptography.io/en/latest/faq/#why-can-t-i-import-my-pem-file for more details. MalformedFraming

During handling of the above exception, another exception occurred:

Traceback (most recent call last):
  File "/home/joe/Workspace/GujPol/cctv_registry/model2/backend/.testing/lib/python3.12/site-packages/jose/backends/cryptography_backend.py", line 267, in __init__
    self.prepared_key = load_pem_private_key(key, password=None, backend=self.cryptography_backend())
                        ^^^^^^^^^^^^^^^^^^^^^^^^^^^^^^^^^^^^^^^^^^^^^^^^^^^^^^^^^^^^^^^^^^^^^^^^^^^^^
ValueError: Unable to load PEM file. See https://cryptography.io/en/latest/faq/#why-can-t-i-import-my-pem-file for more details. MalformedFraming

During handling of the above exception, another exception occurred:

Traceback (most recent call last):
  File "/home/joe/Workspace/GujPol/cctv_registry/model2/backend/.testing/lib/python3.12/site-packages/uvicorn/protocols/http/httptools_impl.py", line 401, in run_asgi
    result = await app(  # type: ignore[func-returns-value]
             ^^^^^^^^^^^^^^^^^^^^^^^^^^^^^^^^^^^^^^^^^^^^^^
  File "/home/joe/Workspace/GujPol/cctv_registry/model2/backend/.testing/lib/python3.12/site-packages/uvicorn/middleware/proxy_headers.py", line 70, in __call__
    return await self.app(scope, receive, send)
           ^^^^^^^^^^^^^^^^^^^^^^^^^^^^^^^^^^^^
  File "/home/joe/Workspace/GujPol/cctv_registry/model2/backend/.testing/lib/python3.12/site-packages/fastapi/applications.py", line 1054, in __call__
    await super().__call__(scope, receive, send)
  File "/home/joe/Workspace/GujPol/cctv_registry/model2/backend/.testing/lib/python3.12/site-packages/starlette/applications.py", line 113, in __call__
    await self.middleware_stack(scope, receive, send)
  File "/home/joe/Workspace/GujPol/cctv_registry/model2/backend/.testing/lib/python3.12/site-packages/starlette/middleware/errors.py", line 187, in __call__
    raise exc
  File "/home/joe/Workspace/GujPol/cctv_registry/model2/backend/.testing/lib/python3.12/site-packages/starlette/middleware/errors.py", line 165, in __call__
    await self.app(scope, receive, _send)
  File "/home/joe/Workspace/GujPol/cctv_registry/model2/backend/.testing/lib/python3.12/site-packages/starlette/middleware/cors.py", line 85, in __call__
    await self.app(scope, receive, send)
  File "/home/joe/Workspace/GujPol/cctv_registry/model2/backend/.testing/lib/python3.12/site-packages/starlette/middleware/exceptions.py", line 62, in __call__
    await wrap_app_handling_exceptions(self.app, conn)(scope, receive, send)
  File "/home/joe/Workspace/GujPol/cctv_registry/model2/backend/.testing/lib/python3.12/site-packages/starlette/_exception_handler.py", line 62, in wrapped_app
    raise exc
  File "/home/joe/Workspace/GujPol/cctv_registry/model2/backend/.testing/lib/python3.12/site-packages/starlette/_exception_handler.py", line 51, in wrapped_app
    await app(scope, receive, sender)
  File "/home/joe/Workspace/GujPol/cctv_registry/model2/backend/.testing/lib/python3.12/site-packages/starlette/routing.py", line 715, in __call__
    await self.middleware_stack(scope, receive, send)
  File "/home/joe/Workspace/GujPol/cctv_registry/model2/backend/.testing/lib/python3.12/site-packages/starlette/routing.py", line 735, in app
    await route.handle(scope, receive, send)
  File "/home/joe/Workspace/GujPol/cctv_registry/model2/backend/.testing/lib/python3.12/site-packages/starlette/routing.py", line 288, in handle
    await self.app(scope, receive, send)
  File "/home/joe/Workspace/GujPol/cctv_registry/model2/backend/.testing/lib/python3.12/site-packages/starlette/routing.py", line 76, in app
    await wrap_app_handling_exceptions(app, request)(scope, receive, send)
  File "/home/joe/Workspace/GujPol/cctv_registry/model2/backend/.testing/lib/python3.12/site-packages/starlette/_exception_handler.py", line 62, in wrapped_app
    raise exc
  File "/home/joe/Workspace/GujPol/cctv_registry/model2/backend/.testing/lib/python3.12/site-packages/starlette/_exception_handler.py", line 51, in wrapped_app
    await app(scope, receive, sender)
  File "/home/joe/Workspace/GujPol/cctv_registry/model2/backend/.testing/lib/python3.12/site-packages/starlette/routing.py", line 73, in app
    response = await f(request)
               ^^^^^^^^^^^^^^^^
  File "/home/joe/Workspace/GujPol/cctv_registry/model2/backend/.testing/lib/python3.12/site-packages/fastapi/routing.py", line 291, in app
    solved_result = await solve_dependencies(
                    ^^^^^^^^^^^^^^^^^^^^^^^^^
  File "/home/joe/Workspace/GujPol/cctv_registry/model2/backend/.testing/lib/python3.12/site-packages/fastapi/dependencies/utils.py", line 628, in solve_dependencies
    solved = await call(**solved_result.values)
             ^^^^^^^^^^^^^^^^^^^^^^^^^^^^^^^^^^
  File "/home/joe/Workspace/GujPol/cctv_registry/model2/backend/auth.py", line 66, in get_current_user
    return _decode_token_to_user(token, db)
           ^^^^^^^^^^^^^^^^^^^^^^^^^^^^^^^^
  File "/home/joe/Workspace/GujPol/cctv_registry/model2/backend/auth.py", line 47, in _decode_token_to_user
    payload = jwt.decode(token, SECRET_KEY, algorithms=[ALGORITHM])
              ^^^^^^^^^^^^^^^^^^^^^^^^^^^^^^^^^^^^^^^^^^^^^^^^^^^^^
  File "/home/joe/Workspace/GujPol/cctv_registry/model2/backend/.testing/lib/python3.12/site-packages/jose/jwt.py", line 142, in decode
    payload = jws.verify(token, key, algorithms, verify=verify_signature)
              ^^^^^^^^^^^^^^^^^^^^^^^^^^^^^^^^^^^^^^^^^^^^^^^^^^^^^^^^^^^
  File "/home/joe/Workspace/GujPol/cctv_registry/model2/backend/.testing/lib/python3.12/site-packages/jose/jws.py", line 73, in verify
    _verify_signature(signing_input, header, signature, key, algorithms)
  File "/home/joe/Workspace/GujPol/cctv_registry/model2/backend/.testing/lib/python3.12/site-packages/jose/jws.py", line 261, in _verify_signature
    if not _sig_matches_keys(keys, signing_input, signature, alg):
           ^^^^^^^^^^^^^^^^^^^^^^^^^^^^^^^^^^^^^^^^^^^^^^^^^^^^^^
  File "/home/joe/Workspace/GujPol/cctv_registry/model2/backend/.testing/lib/python3.12/site-packages/jose/jws.py", line 208, in _sig_matches_keys
    key = jwk.construct(key, alg)
          ^^^^^^^^^^^^^^^^^^^^^^^
  File "/home/joe/Workspace/GujPol/cctv_registry/model2/backend/.testing/lib/python3.12/site-packages/jose/jwk.py", line 79, in construct
    return key_class(key_data, algorithm)
           ^^^^^^^^^^^^^^^^^^^^^^^^^^^^^^
  File "/home/joe/Workspace/GujPol/cctv_registry/model2/backend/.testing/lib/python3.12/site-packages/jose/backends/cryptography_backend.py", line 269, in __init__
    raise JWKError(e)
jose.exceptions.JWKError: Unable to load PEM file. See https://cryptography.io/en/latest/faq/#why-can-t-i-import-my-pem-file for more details. MalformedFraming
INFO:     127.0.0.1:33078 - "OPTIONS /api/v2/sources HTTP/1.1" 200 OK
INFO:     127.0.0.1:33080 - "OPTIONS /api/v2/sources/status/workers HTTP/1.1" 200 OK
INFO:     127.0.0.1:33090 - "OPTIONS /api/v2/anpr/events HTTP/1.1" 200 OK
INFO:     127.0.0.1:33078 - "GET /api/v2/sources HTTP/1.1" 500 Internal Server Error
ERROR:    Exception in ASGI application
Traceback (most recent call last):
  File "/home/joe/Workspace/GujPol/cctv_registry/model2/backend/.testing/lib/python3.12/site-packages/jose/backends/cryptography_backend.py", line 265, in __init__
    self.prepared_key = load_pem_public_key(key, self.cryptography_backend())
                        ^^^^^^^^^^^^^^^^^^^^^^^^^^^^^^^^^^^^^^^^^^^^^^^^^^^^^
ValueError: Unable to load PEM file. See https://cryptography.io/en/latest/faq/#why-can-t-i-import-my-pem-file for more details. MalformedFraming

During handling of the above exception, another exception occurred:

Traceback (most recent call last):
  File "/home/joe/Workspace/GujPol/cctv_registry/model2/backend/.testing/lib/python3.12/site-packages/jose/backends/cryptography_backend.py", line 267, in __init__
    self.prepared_key = load_pem_private_key(key, password=None, backend=self.cryptography_backend())
                        ^^^^^^^^^^^^^^^^^^^^^^^^^^^^^^^^^^^^^^^^^^^^^^^^^^^^^^^^^^^^^^^^^^^^^^^^^^^^^
ValueError: Unable to load PEM file. See https://cryptography.io/en/latest/faq/#why-can-t-i-import-my-pem-file for more details. MalformedFraming

During handling of the above exception, another exception occurred:

Traceback (most recent call last):
  File "/home/joe/Workspace/GujPol/cctv_registry/model2/backend/.testing/lib/python3.12/site-packages/uvicorn/protocols/http/httptools_impl.py", line 401, in run_asgi
    result = await app(  # type: ignore[func-returns-value]
             ^^^^^^^^^^^^^^^^^^^^^^^^^^^^^^^^^^^^^^^^^^^^^^
  File "/home/joe/Workspace/GujPol/cctv_registry/model2/backend/.testing/lib/python3.12/site-packages/uvicorn/middleware/proxy_headers.py", line 70, in __call__
    return await self.app(scope, receive, send)
           ^^^^^^^^^^^^^^^^^^^^^^^^^^^^^^^^^^^^
  File "/home/joe/Workspace/GujPol/cctv_registry/model2/backend/.testing/lib/python3.12/site-packages/fastapi/applications.py", line 1054, in __call__
    await super().__call__(scope, receive, send)
  File "/home/joe/Workspace/GujPol/cctv_registry/model2/backend/.testing/lib/python3.12/site-packages/starlette/applications.py", line 113, in __call__
    await self.middleware_stack(scope, receive, send)
  File "/home/joe/Workspace/GujPol/cctv_registry/model2/backend/.testing/lib/python3.12/site-packages/starlette/middleware/errors.py", line 187, in __call__
    raise exc
  File "/home/joe/Workspace/GujPol/cctv_registry/model2/backend/.testing/lib/python3.12/site-packages/starlette/middleware/errors.py", line 165, in __call__
    await self.app(scope, receive, _send)
  File "/home/joe/Workspace/GujPol/cctv_registry/model2/backend/.testing/lib/python3.12/site-packages/starlette/middleware/cors.py", line 93, in __call__
    await self.simple_response(scope, receive, send, request_headers=headers)
  File "/home/joe/Workspace/GujPol/cctv_registry/model2/backend/.testing/lib/python3.12/site-packages/starlette/middleware/cors.py", line 144, in simple_response
    await self.app(scope, receive, send)
  File "/home/joe/Workspace/GujPol/cctv_registry/model2/backend/.testing/lib/python3.12/site-packages/starlette/middleware/exceptions.py", line 62, in __call__
    await wrap_app_handling_exceptions(self.app, conn)(scope, receive, send)
  File "/home/joe/Workspace/GujPol/cctv_registry/model2/backend/.testing/lib/python3.12/site-packages/starlette/_exception_handler.py", line 62, in wrapped_app
    raise exc
  File "/home/joe/Workspace/GujPol/cctv_registry/model2/backend/.testing/lib/python3.12/site-packages/starlette/_exception_handler.py", line 51, in wrapped_app
    await app(scope, receive, sender)
  File "/home/joe/Workspace/GujPol/cctv_registry/model2/backend/.testing/lib/python3.12/site-packages/starlette/routing.py", line 715, in __call__
    await self.middleware_stack(scope, receive, send)
  File "/home/joe/Workspace/GujPol/cctv_registry/model2/backend/.testing/lib/python3.12/site-packages/starlette/routing.py", line 735, in app
    await route.handle(scope, receive, send)
  File "/home/joe/Workspace/GujPol/cctv_registry/model2/backend/.testing/lib/python3.12/site-packages/starlette/routing.py", line 288, in handle
    await self.app(scope, receive, send)
  File "/home/joe/Workspace/GujPol/cctv_registry/model2/backend/.testing/lib/python3.12/site-packages/starlette/routing.py", line 76, in app
    await wrap_app_handling_exceptions(app, request)(scope, receive, send)
  File "/home/joe/Workspace/GujPol/cctv_registry/model2/backend/.testing/lib/python3.12/site-packages/starlette/_exception_handler.py", line 62, in wrapped_app
    raise exc
  File "/home/joe/Workspace/GujPol/cctv_registry/model2/backend/.testing/lib/python3.12/site-packages/starlette/_exception_handler.py", line 51, in wrapped_app
    await app(scope, receive, sender)
  File "/home/joe/Workspace/GujPol/cctv_registry/model2/backend/.testing/lib/python3.12/site-packages/starlette/routing.py", line 73, in app
    response = await f(request)
               ^^^^^^^^^^^^^^^^
  File "/home/joe/Workspace/GujPol/cctv_registry/model2/backend/.testing/lib/python3.12/site-packages/fastapi/routing.py", line 291, in app
    solved_result = await solve_dependencies(
                    ^^^^^^^^^^^^^^^^^^^^^^^^^
  File "/home/joe/Workspace/GujPol/cctv_registry/model2/backend/.testing/lib/python3.12/site-packages/fastapi/dependencies/utils.py", line 628, in solve_dependencies
    solved = await call(**solved_result.values)
             ^^^^^^^^^^^^^^^^^^^^^^^^^^^^^^^^^^
  File "/home/joe/Workspace/GujPol/cctv_registry/model2/backend/auth.py", line 66, in get_current_user
    return _decode_token_to_user(token, db)
           ^^^^^^^^^^^^^^^^^^^^^^^^^^^^^^^^
  File "/home/joe/Workspace/GujPol/cctv_registry/model2/backend/auth.py", line 47, in _decode_token_to_user
    payload = jwt.decode(token, SECRET_KEY, algorithms=[ALGORITHM])
              ^^^^^^^^^^^^^^^^^^^^^^^^^^^^^^^^^^^^^^^^^^^^^^^^^^^^^
  File "/home/joe/Workspace/GujPol/cctv_registry/model2/backend/.testing/lib/python3.12/site-packages/jose/jwt.py", line 142, in decode
    payload = jws.verify(token, key, algorithms, verify=verify_signature)
              ^^^^^^^^^^^^^^^^^^^^^^^^^^^^^^^^^^^^^^^^^^^^^^^^^^^^^^^^^^^
  File "/home/joe/Workspace/GujPol/cctv_registry/model2/backend/.testing/lib/python3.12/site-packages/jose/jws.py", line 73, in verify
    _verify_signature(signing_input, header, signature, key, algorithms)
  File "/home/joe/Workspace/GujPol/cctv_registry/model2/backend/.testing/lib/python3.12/site-packages/jose/jws.py", line 261, in _verify_signature
    if not _sig_matches_keys(keys, signing_input, signature, alg):
           ^^^^^^^^^^^^^^^^^^^^^^^^^^^^^^^^^^^^^^^^^^^^^^^^^^^^^^
  File "/home/joe/Workspace/GujPol/cctv_registry/model2/backend/.testing/lib/python3.12/site-packages/jose/jws.py", line 208, in _sig_matches_keys
    key = jwk.construct(key, alg)
          ^^^^^^^^^^^^^^^^^^^^^^^
  File "/home/joe/Workspace/GujPol/cctv_registry/model2/backend/.testing/lib/python3.12/site-packages/jose/jwk.py", line 79, in construct
    return key_class(key_data, algorithm)
           ^^^^^^^^^^^^^^^^^^^^^^^^^^^^^^
  File "/home/joe/Workspace/GujPol/cctv_registry/model2/backend/.testing/lib/python3.12/site-packages/jose/backends/cryptography_backend.py", line 269, in __init__
    raise JWKError(e)
jose.exceptions.JWKError: Unable to load PEM file. See https://cryptography.io/en/latest/faq/#why-can-t-i-import-my-pem-file for more details. MalformedFraming
INFO:     127.0.0.1:33090 - "GET /api/v2/anpr/events HTTP/1.1" 500 Internal Server Error
ERROR:    Exception in ASGI application
Traceback (most recent call last):
  File "/home/joe/Workspace/GujPol/cctv_registry/model2/backend/.testing/lib/python3.12/site-packages/jose/backends/cryptography_backend.py", line 265, in __init__
    self.prepared_key = load_pem_public_key(key, self.cryptography_backend())
                        ^^^^^^^^^^^^^^^^^^^^^^^^^^^^^^^^^^^^^^^^^^^^^^^^^^^^^
ValueError: Unable to load PEM file. See https://cryptography.io/en/latest/faq/#why-can-t-i-import-my-pem-file for more details. MalformedFraming

During handling of the above exception, another exception occurred:

Traceback (most recent call last):
  File "/home/joe/Workspace/GujPol/cctv_registry/model2/backend/.testing/lib/python3.12/site-packages/jose/backends/cryptography_backend.py", line 267, in __init__
    self.prepared_key = load_pem_private_key(key, password=None, backend=self.cryptography_backend())
                        ^^^^^^^^^^^^^^^^^^^^^^^^^^^^^^^^^^^^^^^^^^^^^^^^^^^^^^^^^^^^^^^^^^^^^^^^^^^^^
ValueError: Unable to load PEM file. See https://cryptography.io/en/latest/faq/#why-can-t-i-import-my-pem-file for more details. MalformedFraming

During handling of the above exception, another exception occurred:

Traceback (most recent call last):
  File "/home/joe/Workspace/GujPol/cctv_registry/model2/backend/.testing/lib/python3.12/site-packages/uvicorn/protocols/http/httptools_impl.py", line 401, in run_asgi
    result = await app(  # type: ignore[func-returns-value]
             ^^^^^^^^^^^^^^^^^^^^^^^^^^^^^^^^^^^^^^^^^^^^^^
  File "/home/joe/Workspace/GujPol/cctv_registry/model2/backend/.testing/lib/python3.12/site-packages/uvicorn/middleware/proxy_headers.py", line 70, in __call__
    return await self.app(scope, receive, send)
           ^^^^^^^^^^^^^^^^^^^^^^^^^^^^^^^^^^^^
  File "/home/joe/Workspace/GujPol/cctv_registry/model2/backend/.testing/lib/python3.12/site-packages/fastapi/applications.py", line 1054, in __call__
    await super().__call__(scope, receive, send)
  File "/home/joe/Workspace/GujPol/cctv_registry/model2/backend/.testing/lib/python3.12/site-packages/starlette/applications.py", line 113, in __call__
    await self.middleware_stack(scope, receive, send)
  File "/home/joe/Workspace/GujPol/cctv_registry/model2/backend/.testing/lib/python3.12/site-packages/starlette/middleware/errors.py", line 187, in __call__
    raise exc
  File "/home/joe/Workspace/GujPol/cctv_registry/model2/backend/.testing/lib/python3.12/site-packages/starlette/middleware/errors.py", line 165, in __call__
    await self.app(scope, receive, _send)
  File "/home/joe/Workspace/GujPol/cctv_registry/model2/backend/.testing/lib/python3.12/site-packages/starlette/middleware/cors.py", line 93, in __call__
    await self.simple_response(scope, receive, send, request_headers=headers)
  File "/home/joe/Workspace/GujPol/cctv_registry/model2/backend/.testing/lib/python3.12/site-packages/starlette/middleware/cors.py", line 144, in simple_response
    await self.app(scope, receive, send)
  File "/home/joe/Workspace/GujPol/cctv_registry/model2/backend/.testing/lib/python3.12/site-packages/starlette/middleware/exceptions.py", line 62, in __call__
    await wrap_app_handling_exceptions(self.app, conn)(scope, receive, send)
  File "/home/joe/Workspace/GujPol/cctv_registry/model2/backend/.testing/lib/python3.12/site-packages/starlette/_exception_handler.py", line 62, in wrapped_app
    raise exc
  File "/home/joe/Workspace/GujPol/cctv_registry/model2/backend/.testing/lib/python3.12/site-packages/starlette/_exception_handler.py", line 51, in wrapped_app
    await app(scope, receive, sender)
  File "/home/joe/Workspace/GujPol/cctv_registry/model2/backend/.testing/lib/python3.12/site-packages/starlette/routing.py", line 715, in __call__
    await self.middleware_stack(scope, receive, send)
  File "/home/joe/Workspace/GujPol/cctv_registry/model2/backend/.testing/lib/python3.12/site-packages/starlette/routing.py", line 735, in app
    await route.handle(scope, receive, send)
  File "/home/joe/Workspace/GujPol/cctv_registry/model2/backend/.testing/lib/python3.12/site-packages/starlette/routing.py", line 288, in handle
    await self.app(scope, receive, send)
  File "/home/joe/Workspace/GujPol/cctv_registry/model2/backend/.testing/lib/python3.12/site-packages/starlette/routing.py", line 76, in app
    await wrap_app_handling_exceptions(app, request)(scope, receive, send)
  File "/home/joe/Workspace/GujPol/cctv_registry/model2/backend/.testing/lib/python3.12/site-packages/starlette/_exception_handler.py", line 62, in wrapped_app
    raise exc
  File "/home/joe/Workspace/GujPol/cctv_registry/model2/backend/.testing/lib/python3.12/site-packages/starlette/_exception_handler.py", line 51, in wrapped_app
    await app(scope, receive, sender)
  File "/home/joe/Workspace/GujPol/cctv_registry/model2/backend/.testing/lib/python3.12/site-packages/starlette/routing.py", line 73, in app
    response = await f(request)
               ^^^^^^^^^^^^^^^^
  File "/home/joe/Workspace/GujPol/cctv_registry/model2/backend/.testing/lib/python3.12/site-packages/fastapi/routing.py", line 291, in app
    solved_result = await solve_dependencies(
                    ^^^^^^^^^^^^^^^^^^^^^^^^^
  File "/home/joe/Workspace/GujPol/cctv_registry/model2/backend/.testing/lib/python3.12/site-packages/fastapi/dependencies/utils.py", line 628, in solve_dependencies
    solved = await call(**solved_result.values)
             ^^^^^^^^^^^^^^^^^^^^^^^^^^^^^^^^^^
  File "/home/joe/Workspace/GujPol/cctv_registry/model2/backend/auth.py", line 66, in get_current_user
    return _decode_token_to_user(token, db)
           ^^^^^^^^^^^^^^^^^^^^^^^^^^^^^^^^
  File "/home/joe/Workspace/GujPol/cctv_registry/model2/backend/auth.py", line 47, in _decode_token_to_user
    payload = jwt.decode(token, SECRET_KEY, algorithms=[ALGORITHM])
              ^^^^^^^^^^^^^^^^^^^^^^^^^^^^^^^^^^^^^^^^^^^^^^^^^^^^^
  File "/home/joe/Workspace/GujPol/cctv_registry/model2/backend/.testing/lib/python3.12/site-packages/jose/jwt.py", line 142, in decode
    payload = jws.verify(token, key, algorithms, verify=verify_signature)
              ^^^^^^^^^^^^^^^^^^^^^^^^^^^^^^^^^^^^^^^^^^^^^^^^^^^^^^^^^^^
  File "/home/joe/Workspace/GujPol/cctv_registry/model2/backend/.testing/lib/python3.12/site-packages/jose/jws.py", line 73, in verify
    _verify_signature(signing_input, header, signature, key, algorithms)
  File "/home/joe/Workspace/GujPol/cctv_registry/model2/backend/.testing/lib/python3.12/site-packages/jose/jws.py", line 261, in _verify_signature
    if not _sig_matches_keys(keys, signing_input, signature, alg):
           ^^^^^^^^^^^^^^^^^^^^^^^^^^^^^^^^^^^^^^^^^^^^^^^^^^^^^^
  File "/home/joe/Workspace/GujPol/cctv_registry/model2/backend/.testing/lib/python3.12/site-packages/jose/jws.py", line 208, in _sig_matches_keys
    key = jwk.construct(key, alg)
          ^^^^^^^^^^^^^^^^^^^^^^^
  File "/home/joe/Workspace/GujPol/cctv_registry/model2/backend/.testing/lib/python3.12/site-packages/jose/jwk.py", line 79, in construct
    return key_class(key_data, algorithm)
           ^^^^^^^^^^^^^^^^^^^^^^^^^^^^^^
  File "/home/joe/Workspace/GujPol/cctv_registry/model2/backend/.testing/lib/python3.12/site-packages/jose/backends/cryptography_backend.py", line 269, in __init__
    raise JWKError(e)
jose.exceptions.JWKError: Unable to load PEM file. See https://cryptography.io/en/latest/faq/#why-can-t-i-import-my-pem-file for more details. MalformedFraming
INFO:     127.0.0.1:33080 - "GET /api/v2/sources/status/workers HTTP/1.1" 500 Internal Server Error
ERROR:    Exception in ASGI application
Traceback (most recent call last):
  File "/home/joe/Workspace/GujPol/cctv_registry/model2/backend/.testing/lib/python3.12/site-packages/jose/backends/cryptography_backend.py", line 265, in __init__
    self.prepared_key = load_pem_public_key(key, self.cryptography_backend())
                        ^^^^^^^^^^^^^^^^^^^^^^^^^^^^^^^^^^^^^^^^^^^^^^^^^^^^^
ValueError: Unable to load PEM file. See https://cryptography.io/en/latest/faq/#why-can-t-i-import-my-pem-file for more details. MalformedFraming

During handling of the above exception, another exception occurred:

Traceback (most recent call last):
  File "/home/joe/Workspace/GujPol/cctv_registry/model2/backend/.testing/lib/python3.12/site-packages/jose/backends/cryptography_backend.py", line 267, in __init__
    self.prepared_key = load_pem_private_key(key, password=None, backend=self.cryptography_backend())
                        ^^^^^^^^^^^^^^^^^^^^^^^^^^^^^^^^^^^^^^^^^^^^^^^^^^^^^^^^^^^^^^^^^^^^^^^^^^^^^
ValueError: Unable to load PEM file. See https://cryptography.io/en/latest/faq/#why-can-t-i-import-my-pem-file for more details. MalformedFraming

During handling of the above exception, another exception occurred:

Traceback (most recent call last):
  File "/home/joe/Workspace/GujPol/cctv_registry/model2/backend/.testing/lib/python3.12/site-packages/uvicorn/protocols/http/httptools_impl.py", line 401, in run_asgi
    result = await app(  # type: ignore[func-returns-value]
             ^^^^^^^^^^^^^^^^^^^^^^^^^^^^^^^^^^^^^^^^^^^^^^
  File "/home/joe/Workspace/GujPol/cctv_registry/model2/backend/.testing/lib/python3.12/site-packages/uvicorn/middleware/proxy_headers.py", line 70, in __call__
    return await self.app(scope, receive, send)
           ^^^^^^^^^^^^^^^^^^^^^^^^^^^^^^^^^^^^
  File "/home/joe/Workspace/GujPol/cctv_registry/model2/backend/.testing/lib/python3.12/site-packages/fastapi/applications.py", line 1054, in __call__
    await super().__call__(scope, receive, send)
  File "/home/joe/Workspace/GujPol/cctv_registry/model2/backend/.testing/lib/python3.12/site-packages/starlette/applications.py", line 113, in __call__
    await self.middleware_stack(scope, receive, send)
  File "/home/joe/Workspace/GujPol/cctv_registry/model2/backend/.testing/lib/python3.12/site-packages/starlette/middleware/errors.py", line 187, in __call__
    raise exc
  File "/home/joe/Workspace/GujPol/cctv_registry/model2/backend/.testing/lib/python3.12/site-packages/starlette/middleware/errors.py", line 165, in __call__
    await self.app(scope, receive, _send)
  File "/home/joe/Workspace/GujPol/cctv_registry/model2/backend/.testing/lib/python3.12/site-packages/starlette/middleware/cors.py", line 93, in __call__
    await self.simple_response(scope, receive, send, request_headers=headers)
  File "/home/joe/Workspace/GujPol/cctv_registry/model2/backend/.testing/lib/python3.12/site-packages/starlette/middleware/cors.py", line 144, in simple_response
    await self.app(scope, receive, send)
  File "/home/joe/Workspace/GujPol/cctv_registry/model2/backend/.testing/lib/python3.12/site-packages/starlette/middleware/exceptions.py", line 62, in __call__
    await wrap_app_handling_exceptions(self.app, conn)(scope, receive, send)
  File "/home/joe/Workspace/GujPol/cctv_registry/model2/backend/.testing/lib/python3.12/site-packages/starlette/_exception_handler.py", line 62, in wrapped_app
    raise exc
  File "/home/joe/Workspace/GujPol/cctv_registry/model2/backend/.testing/lib/python3.12/site-packages/starlette/_exception_handler.py", line 51, in wrapped_app
    await app(scope, receive, sender)
  File "/home/joe/Workspace/GujPol/cctv_registry/model2/backend/.testing/lib/python3.12/site-packages/starlette/routing.py", line 715, in __call__
    await self.middleware_stack(scope, receive, send)
  File "/home/joe/Workspace/GujPol/cctv_registry/model2/backend/.testing/lib/python3.12/site-packages/starlette/routing.py", line 735, in app
    await route.handle(scope, receive, send)
  File "/home/joe/Workspace/GujPol/cctv_registry/model2/backend/.testing/lib/python3.12/site-packages/starlette/routing.py", line 288, in handle
    await self.app(scope, receive, send)
  File "/home/joe/Workspace/GujPol/cctv_registry/model2/backend/.testing/lib/python3.12/site-packages/starlette/routing.py", line 76, in app
    await wrap_app_handling_exceptions(app, request)(scope, receive, send)
  File "/home/joe/Workspace/GujPol/cctv_registry/model2/backend/.testing/lib/python3.12/site-packages/starlette/_exception_handler.py", line 62, in wrapped_app
    raise exc
  File "/home/joe/Workspace/GujPol/cctv_registry/model2/backend/.testing/lib/python3.12/site-packages/starlette/_exception_handler.py", line 51, in wrapped_app
    await app(scope, receive, sender)
  File "/home/joe/Workspace/GujPol/cctv_registry/model2/backend/.testing/lib/python3.12/site-packages/starlette/routing.py", line 73, in app
    response = await f(request)
               ^^^^^^^^^^^^^^^^
  File "/home/joe/Workspace/GujPol/cctv_registry/model2/backend/.testing/lib/python3.12/site-packages/fastapi/routing.py", line 291, in app
    solved_result = await solve_dependencies(
                    ^^^^^^^^^^^^^^^^^^^^^^^^^
  File "/home/joe/Workspace/GujPol/cctv_registry/model2/backend/.testing/lib/python3.12/site-packages/fastapi/dependencies/utils.py", line 628, in solve_dependencies
    solved = await call(**solved_result.values)
             ^^^^^^^^^^^^^^^^^^^^^^^^^^^^^^^^^^
  File "/home/joe/Workspace/GujPol/cctv_registry/model2/backend/auth.py", line 66, in get_current_user
    return _decode_token_to_user(token, db)
           ^^^^^^^^^^^^^^^^^^^^^^^^^^^^^^^^
  File "/home/joe/Workspace/GujPol/cctv_registry/model2/backend/auth.py", line 47, in _decode_token_to_user
    payload = jwt.decode(token, SECRET_KEY, algorithms=[ALGORITHM])
              ^^^^^^^^^^^^^^^^^^^^^^^^^^^^^^^^^^^^^^^^^^^^^^^^^^^^^
  File "/home/joe/Workspace/GujPol/cctv_registry/model2/backend/.testing/lib/python3.12/site-packages/jose/jwt.py", line 142, in decode
    payload = jws.verify(token, key, algorithms, verify=verify_signature)
              ^^^^^^^^^^^^^^^^^^^^^^^^^^^^^^^^^^^^^^^^^^^^^^^^^^^^^^^^^^^
  File "/home/joe/Workspace/GujPol/cctv_registry/model2/backend/.testing/lib/python3.12/site-packages/jose/jws.py", line 73, in verify
    _verify_signature(signing_input, header, signature, key, algorithms)
  File "/home/joe/Workspace/GujPol/cctv_registry/model2/backend/.testing/lib/python3.12/site-packages/jose/jws.py", line 261, in _verify_signature
    if not _sig_matches_keys(keys, signing_input, signature, alg):
           ^^^^^^^^^^^^^^^^^^^^^^^^^^^^^^^^^^^^^^^^^^^^^^^^^^^^^^
  File "/home/joe/Workspace/GujPol/cctv_registry/model2/backend/.testing/lib/python3.12/site-packages/jose/jws.py", line 208, in _sig_matches_keys
    key = jwk.construct(key, alg)
          ^^^^^^^^^^^^^^^^^^^^^^^
  File "/home/joe/Workspace/GujPol/cctv_registry/model2/backend/.testing/lib/python3.12/site-packages/jose/jwk.py", line 79, in construct
    return key_class(key_data, algorithm)
           ^^^^^^^^^^^^^^^^^^^^^^^^^^^^^^
  File "/home/joe/Workspace/GujPol/cctv_registry/model2/backend/.testing/lib/python3.12/site-packages/jose/backends/cryptography_backend.py", line 269, in __init__
    raise JWKError(e)
jose.exceptions.JWKError: Unable to load PEM file. See https://cryptography.io/en/latest/faq/#why-can-t-i-import-my-pem-file for more details. MalformedFraming
INFO:     127.0.0.1:39812 - "GET /api/v2/anpr/events HTTP/1.1" 500 Internal Server Error
ERROR:    Exception in ASGI application
Traceback (most recent call last):
  File "/home/joe/Workspace/GujPol/cctv_registry/model2/backend/.testing/lib/python3.12/site-packages/jose/backends/cryptography_backend.py", line 265, in __init__
    self.prepared_key = load_pem_public_key(key, self.cryptography_backend())
                        ^^^^^^^^^^^^^^^^^^^^^^^^^^^^^^^^^^^^^^^^^^^^^^^^^^^^^
ValueError: Unable to load PEM file. See https://cryptography.io/en/latest/faq/#why-can-t-i-import-my-pem-file for more details. MalformedFraming

During handling of the above exception, another exception occurred:

Traceback (most recent call last):
  File "/home/joe/Workspace/GujPol/cctv_registry/model2/backend/.testing/lib/python3.12/site-packages/jose/backends/cryptography_backend.py", line 267, in __init__
    self.prepared_key = load_pem_private_key(key, password=None, backend=self.cryptography_backend())
                        ^^^^^^^^^^^^^^^^^^^^^^^^^^^^^^^^^^^^^^^^^^^^^^^^^^^^^^^^^^^^^^^^^^^^^^^^^^^^^
ValueError: Unable to load PEM file. See https://cryptography.io/en/latest/faq/#why-can-t-i-import-my-pem-file for more details. MalformedFraming

During handling of the above exception, another exception occurred:

Traceback (most recent call last):
  File "/home/joe/Workspace/GujPol/cctv_registry/model2/backend/.testing/lib/python3.12/site-packages/uvicorn/protocols/http/httptools_impl.py", line 401, in run_asgi
    result = await app(  # type: ignore[func-returns-value]
             ^^^^^^^^^^^^^^^^^^^^^^^^^^^^^^^^^^^^^^^^^^^^^^
  File "/home/joe/Workspace/GujPol/cctv_registry/model2/backend/.testing/lib/python3.12/site-packages/uvicorn/middleware/proxy_headers.py", line 70, in __call__
    return await self.app(scope, receive, send)
           ^^^^^^^^^^^^^^^^^^^^^^^^^^^^^^^^^^^^
  File "/home/joe/Workspace/GujPol/cctv_registry/model2/backend/.testing/lib/python3.12/site-packages/fastapi/applications.py", line 1054, in __call__
    await super().__call__(scope, receive, send)
  File "/home/joe/Workspace/GujPol/cctv_registry/model2/backend/.testing/lib/python3.12/site-packages/starlette/applications.py", line 113, in __call__
    await self.middleware_stack(scope, receive, send)
  File "/home/joe/Workspace/GujPol/cctv_registry/model2/backend/.testing/lib/python3.12/site-packages/starlette/middleware/errors.py", line 187, in __call__
    raise exc
  File "/home/joe/Workspace/GujPol/cctv_registry/model2/backend/.testing/lib/python3.12/site-packages/starlette/middleware/errors.py", line 165, in __call__
    await self.app(scope, receive, _send)
  File "/home/joe/Workspace/GujPol/cctv_registry/model2/backend/.testing/lib/python3.12/site-packages/starlette/middleware/cors.py", line 85, in __call__
    await self.app(scope, receive, send)
  File "/home/joe/Workspace/GujPol/cctv_registry/model2/backend/.testing/lib/python3.12/site-packages/starlette/middleware/exceptions.py", line 62, in __call__
    await wrap_app_handling_exceptions(self.app, conn)(scope, receive, send)
  File "/home/joe/Workspace/GujPol/cctv_registry/model2/backend/.testing/lib/python3.12/site-packages/starlette/_exception_handler.py", line 62, in wrapped_app
    raise exc
  File "/home/joe/Workspace/GujPol/cctv_registry/model2/backend/.testing/lib/python3.12/site-packages/starlette/_exception_handler.py", line 51, in wrapped_app
    await app(scope, receive, sender)
  File "/home/joe/Workspace/GujPol/cctv_registry/model2/backend/.testing/lib/python3.12/site-packages/starlette/routing.py", line 715, in __call__
    await self.middleware_stack(scope, receive, send)
  File "/home/joe/Workspace/GujPol/cctv_registry/model2/backend/.testing/lib/python3.12/site-packages/starlette/routing.py", line 735, in app
    await route.handle(scope, receive, send)
  File "/home/joe/Workspace/GujPol/cctv_registry/model2/backend/.testing/lib/python3.12/site-packages/starlette/routing.py", line 288, in handle
    await self.app(scope, receive, send)
  File "/home/joe/Workspace/GujPol/cctv_registry/model2/backend/.testing/lib/python3.12/site-packages/starlette/routing.py", line 76, in app
    await wrap_app_handling_exceptions(app, request)(scope, receive, send)
  File "/home/joe/Workspace/GujPol/cctv_registry/model2/backend/.testing/lib/python3.12/site-packages/starlette/_exception_handler.py", line 62, in wrapped_app
    raise exc
  File "/home/joe/Workspace/GujPol/cctv_registry/model2/backend/.testing/lib/python3.12/site-packages/starlette/_exception_handler.py", line 51, in wrapped_app
    await app(scope, receive, sender)
  File "/home/joe/Workspace/GujPol/cctv_registry/model2/backend/.testing/lib/python3.12/site-packages/starlette/routing.py", line 73, in app
    response = await f(request)
               ^^^^^^^^^^^^^^^^
  File "/home/joe/Workspace/GujPol/cctv_registry/model2/backend/.testing/lib/python3.12/site-packages/fastapi/routing.py", line 291, in app
    solved_result = await solve_dependencies(
                    ^^^^^^^^^^^^^^^^^^^^^^^^^
  File "/home/joe/Workspace/GujPol/cctv_registry/model2/backend/.testing/lib/python3.12/site-packages/fastapi/dependencies/utils.py", line 628, in solve_dependencies
    solved = await call(**solved_result.values)
             ^^^^^^^^^^^^^^^^^^^^^^^^^^^^^^^^^^
  File "/home/joe/Workspace/GujPol/cctv_registry/model2/backend/auth.py", line 66, in get_current_user
    return _decode_token_to_user(token, db)
           ^^^^^^^^^^^^^^^^^^^^^^^^^^^^^^^^
  File "/home/joe/Workspace/GujPol/cctv_registry/model2/backend/auth.py", line 47, in _decode_token_to_user
    payload = jwt.decode(token, SECRET_KEY, algorithms=[ALGORITHM])
              ^^^^^^^^^^^^^^^^^^^^^^^^^^^^^^^^^^^^^^^^^^^^^^^^^^^^^
  File "/home/joe/Workspace/GujPol/cctv_registry/model2/backend/.testing/lib/python3.12/site-packages/jose/jwt.py", line 142, in decode
    payload = jws.verify(token, key, algorithms, verify=verify_signature)
              ^^^^^^^^^^^^^^^^^^^^^^^^^^^^^^^^^^^^^^^^^^^^^^^^^^^^^^^^^^^
  File "/home/joe/Workspace/GujPol/cctv_registry/model2/backend/.testing/lib/python3.12/site-packages/jose/jws.py", line 73, in verify
    _verify_signature(signing_input, header, signature, key, algorithms)
  File "/home/joe/Workspace/GujPol/cctv_registry/model2/backend/.testing/lib/python3.12/site-packages/jose/jws.py", line 261, in _verify_signature
    if not _sig_matches_keys(keys, signing_input, signature, alg):
           ^^^^^^^^^^^^^^^^^^^^^^^^^^^^^^^^^^^^^^^^^^^^^^^^^^^^^^
  File "/home/joe/Workspace/GujPol/cctv_registry/model2/backend/.testing/lib/python3.12/site-packages/jose/jws.py", line 208, in _sig_matches_keys
    key = jwk.construct(key, alg)
          ^^^^^^^^^^^^^^^^^^^^^^^
  File "/home/joe/Workspace/GujPol/cctv_registry/model2/backend/.testing/lib/python3.12/site-packages/jose/jwk.py", line 79, in construct
    return key_class(key_data, algorithm)
           ^^^^^^^^^^^^^^^^^^^^^^^^^^^^^^
  File "/home/joe/Workspace/GujPol/cctv_registry/model2/backend/.testing/lib/python3.12/site-packages/jose/backends/cryptography_backend.py", line 269, in __init__
    raise JWKError(e)
jose.exceptions.JWKError: Unable to load PEM file. See https://cryptography.io/en/latest/faq/#why-can-t-i-import-my-pem-file for more details. MalformedFraming
INFO:     127.0.0.1:39822 - "GET /api/v2/anpr/events HTTP/1.1" 500 Internal Server Error
ERROR:    Exception in ASGI application
Traceback (most recent call last):
  File "/home/joe/Workspace/GujPol/cctv_registry/model2/backend/.testing/lib/python3.12/site-packages/jose/backends/cryptography_backend.py", line 265, in __init__
    self.prepared_key = load_pem_public_key(key, self.cryptography_backend())
                        ^^^^^^^^^^^^^^^^^^^^^^^^^^^^^^^^^^^^^^^^^^^^^^^^^^^^^
ValueError: Unable to load PEM file. See https://cryptography.io/en/latest/faq/#why-can-t-i-import-my-pem-file for more details. MalformedFraming

During handling of the above exception, another exception occurred:

Traceback (most recent call last):
  File "/home/joe/Workspace/GujPol/cctv_registry/model2/backend/.testing/lib/python3.12/site-packages/jose/backends/cryptography_backend.py", line 267, in __init__
    self.prepared_key = load_pem_private_key(key, password=None, backend=self.cryptography_backend())
                        ^^^^^^^^^^^^^^^^^^^^^^^^^^^^^^^^^^^^^^^^^^^^^^^^^^^^^^^^^^^^^^^^^^^^^^^^^^^^^
ValueError: Unable to load PEM file. See https://cryptography.io/en/latest/faq/#why-can-t-i-import-my-pem-file for more details. MalformedFraming

During handling of the above exception, another exception occurred:

Traceback (most recent call last):
  File "/home/joe/Workspace/GujPol/cctv_registry/model2/backend/.testing/lib/python3.12/site-packages/uvicorn/protocols/http/httptools_impl.py", line 401, in run_asgi
    result = await app(  # type: ignore[func-returns-value]
             ^^^^^^^^^^^^^^^^^^^^^^^^^^^^^^^^^^^^^^^^^^^^^^
  File "/home/joe/Workspace/GujPol/cctv_registry/model2/backend/.testing/lib/python3.12/site-packages/uvicorn/middleware/proxy_headers.py", line 70, in __call__
    return await self.app(scope, receive, send)
           ^^^^^^^^^^^^^^^^^^^^^^^^^^^^^^^^^^^^
  File "/home/joe/Workspace/GujPol/cctv_registry/model2/backend/.testing/lib/python3.12/site-packages/fastapi/applications.py", line 1054, in __call__
    await super().__call__(scope, receive, send)
  File "/home/joe/Workspace/GujPol/cctv_registry/model2/backend/.testing/lib/python3.12/site-packages/starlette/applications.py", line 113, in __call__
    await self.middleware_stack(scope, receive, send)
  File "/home/joe/Workspace/GujPol/cctv_registry/model2/backend/.testing/lib/python3.12/site-packages/starlette/middleware/errors.py", line 187, in __call__
    raise exc
  File "/home/joe/Workspace/GujPol/cctv_registry/model2/backend/.testing/lib/python3.12/site-packages/starlette/middleware/errors.py", line 165, in __call__
    await self.app(scope, receive, _send)
  File "/home/joe/Workspace/GujPol/cctv_registry/model2/backend/.testing/lib/python3.12/site-packages/starlette/middleware/cors.py", line 85, in __call__
    await self.app(scope, receive, send)
  File "/home/joe/Workspace/GujPol/cctv_registry/model2/backend/.testing/lib/python3.12/site-packages/starlette/middleware/exceptions.py", line 62, in __call__
    await wrap_app_handling_exceptions(self.app, conn)(scope, receive, send)
  File "/home/joe/Workspace/GujPol/cctv_registry/model2/backend/.testing/lib/python3.12/site-packages/starlette/_exception_handler.py", line 62, in wrapped_app
    raise exc
  File "/home/joe/Workspace/GujPol/cctv_registry/model2/backend/.testing/lib/python3.12/site-packages/starlette/_exception_handler.py", line 51, in wrapped_app
    await app(scope, receive, sender)
  File "/home/joe/Workspace/GujPol/cctv_registry/model2/backend/.testing/lib/python3.12/site-packages/starlette/routing.py", line 715, in __call__
    await self.middleware_stack(scope, receive, send)
  File "/home/joe/Workspace/GujPol/cctv_registry/model2/backend/.testing/lib/python3.12/site-packages/starlette/routing.py", line 735, in app
    await route.handle(scope, receive, send)
  File "/home/joe/Workspace/GujPol/cctv_registry/model2/backend/.testing/lib/python3.12/site-packages/starlette/routing.py", line 288, in handle
    await self.app(scope, receive, send)
  File "/home/joe/Workspace/GujPol/cctv_registry/model2/backend/.testing/lib/python3.12/site-packages/starlette/routing.py", line 76, in app
    await wrap_app_handling_exceptions(app, request)(scope, receive, send)
  File "/home/joe/Workspace/GujPol/cctv_registry/model2/backend/.testing/lib/python3.12/site-packages/starlette/_exception_handler.py", line 62, in wrapped_app
    raise exc
  File "/home/joe/Workspace/GujPol/cctv_registry/model2/backend/.testing/lib/python3.12/site-packages/starlette/_exception_handler.py", line 51, in wrapped_app
    await app(scope, receive, sender)
  File "/home/joe/Workspace/GujPol/cctv_registry/model2/backend/.testing/lib/python3.12/site-packages/starlette/routing.py", line 73, in app
    response = await f(request)
               ^^^^^^^^^^^^^^^^
  File "/home/joe/Workspace/GujPol/cctv_registry/model2/backend/.testing/lib/python3.12/site-packages/fastapi/routing.py", line 291, in app
    solved_result = await solve_dependencies(
                    ^^^^^^^^^^^^^^^^^^^^^^^^^
  File "/home/joe/Workspace/GujPol/cctv_registry/model2/backend/.testing/lib/python3.12/site-packages/fastapi/dependencies/utils.py", line 628, in solve_dependencies
    solved = await call(**solved_result.values)
             ^^^^^^^^^^^^^^^^^^^^^^^^^^^^^^^^^^
  File "/home/joe/Workspace/GujPol/cctv_registry/model2/backend/auth.py", line 66, in get_current_user
    return _decode_token_to_user(token, db)
           ^^^^^^^^^^^^^^^^^^^^^^^^^^^^^^^^
  File "/home/joe/Workspace/GujPol/cctv_registry/model2/backend/auth.py", line 47, in _decode_token_to_user
    payload = jwt.decode(token, SECRET_KEY, algorithms=[ALGORITHM])
              ^^^^^^^^^^^^^^^^^^^^^^^^^^^^^^^^^^^^^^^^^^^^^^^^^^^^^
  File "/home/joe/Workspace/GujPol/cctv_registry/model2/backend/.testing/lib/python3.12/site-packages/jose/jwt.py", line 142, in decode
    payload = jws.verify(token, key, algorithms, verify=verify_signature)
              ^^^^^^^^^^^^^^^^^^^^^^^^^^^^^^^^^^^^^^^^^^^^^^^^^^^^^^^^^^^
  File "/home/joe/Workspace/GujPol/cctv_registry/model2/backend/.testing/lib/python3.12/site-packages/jose/jws.py", line 73, in verify
    _verify_signature(signing_input, header, signature, key, algorithms)
  File "/home/joe/Workspace/GujPol/cctv_registry/model2/backend/.testing/lib/python3.12/site-packages/jose/jws.py", line 261, in _verify_signature
    if not _sig_matches_keys(keys, signing_input, signature, alg):
           ^^^^^^^^^^^^^^^^^^^^^^^^^^^^^^^^^^^^^^^^^^^^^^^^^^^^^^
  File "/home/joe/Workspace/GujPol/cctv_registry/model2/backend/.testing/lib/python3.12/site-packages/jose/jws.py", line 208, in _sig_matches_keys
    key = jwk.construct(key, alg)
          ^^^^^^^^^^^^^^^^^^^^^^^
  File "/home/joe/Workspace/GujPol/cctv_registry/model2/backend/.testing/lib/python3.12/site-packages/jose/jwk.py", line 79, in construct
    return key_class(key_data, algorithm)
           ^^^^^^^^^^^^^^^^^^^^^^^^^^^^^^
  File "/home/joe/Workspace/GujPol/cctv_registry/model2/backend/.testing/lib/python3.12/site-packages/jose/backends/cryptography_backend.py", line 269, in __init__
    raise JWKError(e)
jose.exceptions.JWKError: Unable to load PEM file. See https://cryptography.io/en/latest/faq/#why-can-t-i-import-my-pem-file for more details. MalformedFraming
INFO:     127.0.0.1:39830 - "GET /api/v2/anpr/events HTTP/1.1" 500 Internal Server Error
ERROR:    Exception in ASGI application
Traceback (most recent call last):
  File "/home/joe/Workspace/GujPol/cctv_registry/model2/backend/.testing/lib/python3.12/site-packages/jose/backends/cryptography_backend.py", line 265, in __init__
    self.prepared_key = load_pem_public_key(key, self.cryptography_backend())
                        ^^^^^^^^^^^^^^^^^^^^^^^^^^^^^^^^^^^^^^^^^^^^^^^^^^^^^
ValueError: Unable to load PEM file. See https://cryptography.io/en/latest/faq/#why-can-t-i-import-my-pem-file for more details. MalformedFraming

During handling of the above exception, another exception occurred:

Traceback (most recent call last):
  File "/home/joe/Workspace/GujPol/cctv_registry/model2/backend/.testing/lib/python3.12/site-packages/jose/backends/cryptography_backend.py", line 267, in __init__
    self.prepared_key = load_pem_private_key(key, password=None, backend=self.cryptography_backend())
                        ^^^^^^^^^^^^^^^^^^^^^^^^^^^^^^^^^^^^^^^^^^^^^^^^^^^^^^^^^^^^^^^^^^^^^^^^^^^^^
ValueError: Unable to load PEM file. See https://cryptography.io/en/latest/faq/#why-can-t-i-import-my-pem-file for more details. MalformedFraming

During handling of the above exception, another exception occurred:

Traceback (most recent call last):
  File "/home/joe/Workspace/GujPol/cctv_registry/model2/backend/.testing/lib/python3.12/site-packages/uvicorn/protocols/http/httptools_impl.py", line 401, in run_asgi
    result = await app(  # type: ignore[func-returns-value]
             ^^^^^^^^^^^^^^^^^^^^^^^^^^^^^^^^^^^^^^^^^^^^^^
  File "/home/joe/Workspace/GujPol/cctv_registry/model2/backend/.testing/lib/python3.12/site-packages/uvicorn/middleware/proxy_headers.py", line 70, in __call__
    return await self.app(scope, receive, send)
           ^^^^^^^^^^^^^^^^^^^^^^^^^^^^^^^^^^^^
  File "/home/joe/Workspace/GujPol/cctv_registry/model2/backend/.testing/lib/python3.12/site-packages/fastapi/applications.py", line 1054, in __call__
    await super().__call__(scope, receive, send)
  File "/home/joe/Workspace/GujPol/cctv_registry/model2/backend/.testing/lib/python3.12/site-packages/starlette/applications.py", line 113, in __call__
    await self.middleware_stack(scope, receive, send)
  File "/home/joe/Workspace/GujPol/cctv_registry/model2/backend/.testing/lib/python3.12/site-packages/starlette/middleware/errors.py", line 187, in __call__
    raise exc
  File "/home/joe/Workspace/GujPol/cctv_registry/model2/backend/.testing/lib/python3.12/site-packages/starlette/middleware/errors.py", line 165, in __call__
    await self.app(scope, receive, _send)
  File "/home/joe/Workspace/GujPol/cctv_registry/model2/backend/.testing/lib/python3.12/site-packages/starlette/middleware/cors.py", line 85, in __call__
    await self.app(scope, receive, send)
  File "/home/joe/Workspace/GujPol/cctv_registry/model2/backend/.testing/lib/python3.12/site-packages/starlette/middleware/exceptions.py", line 62, in __call__
    await wrap_app_handling_exceptions(self.app, conn)(scope, receive, send)
  File "/home/joe/Workspace/GujPol/cctv_registry/model2/backend/.testing/lib/python3.12/site-packages/starlette/_exception_handler.py", line 62, in wrapped_app
    raise exc
  File "/home/joe/Workspace/GujPol/cctv_registry/model2/backend/.testing/lib/python3.12/site-packages/starlette/_exception_handler.py", line 51, in wrapped_app
    await app(scope, receive, sender)
  File "/home/joe/Workspace/GujPol/cctv_registry/model2/backend/.testing/lib/python3.12/site-packages/starlette/routing.py", line 715, in __call__
    await self.middleware_stack(scope, receive, send)
  File "/home/joe/Workspace/GujPol/cctv_registry/model2/backend/.testing/lib/python3.12/site-packages/starlette/routing.py", line 735, in app
    await route.handle(scope, receive, send)
  File "/home/joe/Workspace/GujPol/cctv_registry/model2/backend/.testing/lib/python3.12/site-packages/starlette/routing.py", line 288, in handle
    await self.app(scope, receive, send)
  File "/home/joe/Workspace/GujPol/cctv_registry/model2/backend/.testing/lib/python3.12/site-packages/starlette/routing.py", line 76, in app
    await wrap_app_handling_exceptions(app, request)(scope, receive, send)
  File "/home/joe/Workspace/GujPol/cctv_registry/model2/backend/.testing/lib/python3.12/site-packages/starlette/_exception_handler.py", line 62, in wrapped_app
    raise exc
  File "/home/joe/Workspace/GujPol/cctv_registry/model2/backend/.testing/lib/python3.12/site-packages/starlette/_exception_handler.py", line 51, in wrapped_app
    await app(scope, receive, sender)
  File "/home/joe/Workspace/GujPol/cctv_registry/model2/backend/.testing/lib/python3.12/site-packages/starlette/routing.py", line 73, in app
    response = await f(request)
               ^^^^^^^^^^^^^^^^
  File "/home/joe/Workspace/GujPol/cctv_registry/model2/backend/.testing/lib/python3.12/site-packages/fastapi/routing.py", line 291, in app
    solved_result = await solve_dependencies(
                    ^^^^^^^^^^^^^^^^^^^^^^^^^
  File "/home/joe/Workspace/GujPol/cctv_registry/model2/backend/.testing/lib/python3.12/site-packages/fastapi/dependencies/utils.py", line 628, in solve_dependencies
    solved = await call(**solved_result.values)
             ^^^^^^^^^^^^^^^^^^^^^^^^^^^^^^^^^^
  File "/home/joe/Workspace/GujPol/cctv_registry/model2/backend/auth.py", line 66, in get_current_user
    return _decode_token_to_user(token, db)
           ^^^^^^^^^^^^^^^^^^^^^^^^^^^^^^^^
  File "/home/joe/Workspace/GujPol/cctv_registry/model2/backend/auth.py", line 47, in _decode_token_to_user
    payload = jwt.decode(token, SECRET_KEY, algorithms=[ALGORITHM])
              ^^^^^^^^^^^^^^^^^^^^^^^^^^^^^^^^^^^^^^^^^^^^^^^^^^^^^
  File "/home/joe/Workspace/GujPol/cctv_registry/model2/backend/.testing/lib/python3.12/site-packages/jose/jwt.py", line 142, in decode
    payload = jws.verify(token, key, algorithms, verify=verify_signature)
              ^^^^^^^^^^^^^^^^^^^^^^^^^^^^^^^^^^^^^^^^^^^^^^^^^^^^^^^^^^^
  File "/home/joe/Workspace/GujPol/cctv_registry/model2/backend/.testing/lib/python3.12/site-packages/jose/jws.py", line 73, in verify
    _verify_signature(signing_input, header, signature, key, algorithms)
  File "/home/joe/Workspace/GujPol/cctv_registry/model2/backend/.testing/lib/python3.12/site-packages/jose/jws.py", line 261, in _verify_signature
    if not _sig_matches_keys(keys, signing_input, signature, alg):
           ^^^^^^^^^^^^^^^^^^^^^^^^^^^^^^^^^^^^^^^^^^^^^^^^^^^^^^
  File "/home/joe/Workspace/GujPol/cctv_registry/model2/backend/.testing/lib/python3.12/site-packages/jose/jws.py", line 208, in _sig_matches_keys
    key = jwk.construct(key, alg)
          ^^^^^^^^^^^^^^^^^^^^^^^
  File "/home/joe/Workspace/GujPol/cctv_registry/model2/backend/.testing/lib/python3.12/site-packages/jose/jwk.py", line 79, in construct
    return key_class(key_data, algorithm)
           ^^^^^^^^^^^^^^^^^^^^^^^^^^^^^^
  File "/home/joe/Workspace/GujPol/cctv_registry/model2/backend/.testing/lib/python3.12/site-packages/jose/backends/cryptography_backend.py", line 269, in __init__
    raise JWKError(e)
jose.exceptions.JWKError: Unable to load PEM file. See https://cryptography.io/en/latest/faq/#why-can-t-i-import-my-pem-file for more details. MalformedFraming
INFO:     127.0.0.1:39838 - "GET /api/v2/anpr/events HTTP/1.1" 500 Internal Server Error
ERROR:    Exception in ASGI application
Traceback (most recent call last):
  File "/home/joe/Workspace/GujPol/cctv_registry/model2/backend/.testing/lib/python3.12/site-packages/jose/backends/cryptography_backend.py", line 265, in __init__
    self.prepared_key = load_pem_public_key(key, self.cryptography_backend())
                        ^^^^^^^^^^^^^^^^^^^^^^^^^^^^^^^^^^^^^^^^^^^^^^^^^^^^^
ValueError: Unable to load PEM file. See https://cryptography.io/en/latest/faq/#why-can-t-i-import-my-pem-file for more details. MalformedFraming

During handling of the above exception, another exception occurred:

Traceback (most recent call last):
  File "/home/joe/Workspace/GujPol/cctv_registry/model2/backend/.testing/lib/python3.12/site-packages/jose/backends/cryptography_backend.py", line 267, in __init__
    self.prepared_key = load_pem_private_key(key, password=None, backend=self.cryptography_backend())
                        ^^^^^^^^^^^^^^^^^^^^^^^^^^^^^^^^^^^^^^^^^^^^^^^^^^^^^^^^^^^^^^^^^^^^^^^^^^^^^
ValueError: Unable to load PEM file. See https://cryptography.io/en/latest/faq/#why-can-t-i-import-my-pem-file for more details. MalformedFraming

During handling of the above exception, another exception occurred:

Traceback (most recent call last):
  File "/home/joe/Workspace/GujPol/cctv_registry/model2/backend/.testing/lib/python3.12/site-packages/uvicorn/protocols/http/httptools_impl.py", line 401, in run_asgi
    result = await app(  # type: ignore[func-returns-value]
             ^^^^^^^^^^^^^^^^^^^^^^^^^^^^^^^^^^^^^^^^^^^^^^
  File "/home/joe/Workspace/GujPol/cctv_registry/model2/backend/.testing/lib/python3.12/site-packages/uvicorn/middleware/proxy_headers.py", line 70, in __call__
    return await self.app(scope, receive, send)
           ^^^^^^^^^^^^^^^^^^^^^^^^^^^^^^^^^^^^
  File "/home/joe/Workspace/GujPol/cctv_registry/model2/backend/.testing/lib/python3.12/site-packages/fastapi/applications.py", line 1054, in __call__
    await super().__call__(scope, receive, send)
  File "/home/joe/Workspace/GujPol/cctv_registry/model2/backend/.testing/lib/python3.12/site-packages/starlette/applications.py", line 113, in __call__
    await self.middleware_stack(scope, receive, send)
  File "/home/joe/Workspace/GujPol/cctv_registry/model2/backend/.testing/lib/python3.12/site-packages/starlette/middleware/errors.py", line 187, in __call__
    raise exc
  File "/home/joe/Workspace/GujPol/cctv_registry/model2/backend/.testing/lib/python3.12/site-packages/starlette/middleware/errors.py", line 165, in __call__
    await self.app(scope, receive, _send)
  File "/home/joe/Workspace/GujPol/cctv_registry/model2/backend/.testing/lib/python3.12/site-packages/starlette/middleware/cors.py", line 85, in __call__
    await self.app(scope, receive, send)
  File "/home/joe/Workspace/GujPol/cctv_registry/model2/backend/.testing/lib/python3.12/site-packages/starlette/middleware/exceptions.py", line 62, in __call__
    await wrap_app_handling_exceptions(self.app, conn)(scope, receive, send)
  File "/home/joe/Workspace/GujPol/cctv_registry/model2/backend/.testing/lib/python3.12/site-packages/starlette/_exception_handler.py", line 62, in wrapped_app
    raise exc
  File "/home/joe/Workspace/GujPol/cctv_registry/model2/backend/.testing/lib/python3.12/site-packages/starlette/_exception_handler.py", line 51, in wrapped_app
    await app(scope, receive, sender)
  File "/home/joe/Workspace/GujPol/cctv_registry/model2/backend/.testing/lib/python3.12/site-packages/starlette/routing.py", line 715, in __call__
    await self.middleware_stack(scope, receive, send)
  File "/home/joe/Workspace/GujPol/cctv_registry/model2/backend/.testing/lib/python3.12/site-packages/starlette/routing.py", line 735, in app
    await route.handle(scope, receive, send)
  File "/home/joe/Workspace/GujPol/cctv_registry/model2/backend/.testing/lib/python3.12/site-packages/starlette/routing.py", line 288, in handle
    await self.app(scope, receive, send)
  File "/home/joe/Workspace/GujPol/cctv_registry/model2/backend/.testing/lib/python3.12/site-packages/starlette/routing.py", line 76, in app
    await wrap_app_handling_exceptions(app, request)(scope, receive, send)
  File "/home/joe/Workspace/GujPol/cctv_registry/model2/backend/.testing/lib/python3.12/site-packages/starlette/_exception_handler.py", line 62, in wrapped_app
    raise exc
  File "/home/joe/Workspace/GujPol/cctv_registry/model2/backend/.testing/lib/python3.12/site-packages/starlette/_exception_handler.py", line 51, in wrapped_app
    await app(scope, receive, sender)
  File "/home/joe/Workspace/GujPol/cctv_registry/model2/backend/.testing/lib/python3.12/site-packages/starlette/routing.py", line 73, in app
    response = await f(request)
               ^^^^^^^^^^^^^^^^
  File "/home/joe/Workspace/GujPol/cctv_registry/model2/backend/.testing/lib/python3.12/site-packages/fastapi/routing.py", line 291, in app
    solved_result = await solve_dependencies(
                    ^^^^^^^^^^^^^^^^^^^^^^^^^
  File "/home/joe/Workspace/GujPol/cctv_registry/model2/backend/.testing/lib/python3.12/site-packages/fastapi/dependencies/utils.py", line 628, in solve_dependencies
    solved = await call(**solved_result.values)
             ^^^^^^^^^^^^^^^^^^^^^^^^^^^^^^^^^^
  File "/home/joe/Workspace/GujPol/cctv_registry/model2/backend/auth.py", line 66, in get_current_user
    return _decode_token_to_user(token, db)
           ^^^^^^^^^^^^^^^^^^^^^^^^^^^^^^^^
  File "/home/joe/Workspace/GujPol/cctv_registry/model2/backend/auth.py", line 47, in _decode_token_to_user
    payload = jwt.decode(token, SECRET_KEY, algorithms=[ALGORITHM])
              ^^^^^^^^^^^^^^^^^^^^^^^^^^^^^^^^^^^^^^^^^^^^^^^^^^^^^
  File "/home/joe/Workspace/GujPol/cctv_registry/model2/backend/.testing/lib/python3.12/site-packages/jose/jwt.py", line 142, in decode
    payload = jws.verify(token, key, algorithms, verify=verify_signature)
              ^^^^^^^^^^^^^^^^^^^^^^^^^^^^^^^^^^^^^^^^^^^^^^^^^^^^^^^^^^^
  File "/home/joe/Workspace/GujPol/cctv_registry/model2/backend/.testing/lib/python3.12/site-packages/jose/jws.py", line 73, in verify
    _verify_signature(signing_input, header, signature, key, algorithms)
  File "/home/joe/Workspace/GujPol/cctv_registry/model2/backend/.testing/lib/python3.12/site-packages/jose/jws.py", line 261, in _verify_signature
    if not _sig_matches_keys(keys, signing_input, signature, alg):
           ^^^^^^^^^^^^^^^^^^^^^^^^^^^^^^^^^^^^^^^^^^^^^^^^^^^^^^
  File "/home/joe/Workspace/GujPol/cctv_registry/model2/backend/.testing/lib/python3.12/site-packages/jose/jws.py", line 208, in _sig_matches_keys
    key = jwk.construct(key, alg)
          ^^^^^^^^^^^^^^^^^^^^^^^
  File "/home/joe/Workspace/GujPol/cctv_registry/model2/backend/.testing/lib/python3.12/site-packages/jose/jwk.py", line 79, in construct
    return key_class(key_data, algorithm)
           ^^^^^^^^^^^^^^^^^^^^^^^^^^^^^^
  File "/home/joe/Workspace/GujPol/cctv_registry/model2/backend/.testing/lib/python3.12/site-packages/jose/backends/cryptography_backend.py", line 269, in __init__
    raise JWKError(e)
jose.exceptions.JWKError: Unable to load PEM file. See https://cryptography.io/en/latest/faq/#why-can-t-i-import-my-pem-file for more details. MalformedFraming
INFO:     127.0.0.1:39848 - "GET /api/v2/anpr/events HTTP/1.1" 500 Internal Server Error
ERROR:    Exception in ASGI application
Traceback (most recent call last):
  File "/home/joe/Workspace/GujPol/cctv_registry/model2/backend/.testing/lib/python3.12/site-packages/jose/backends/cryptography_backend.py", line 265, in __init__
    self.prepared_key = load_pem_public_key(key, self.cryptography_backend())
                        ^^^^^^^^^^^^^^^^^^^^^^^^^^^^^^^^^^^^^^^^^^^^^^^^^^^^^
ValueError: Unable to load PEM file. See https://cryptography.io/en/latest/faq/#why-can-t-i-import-my-pem-file for more details. MalformedFraming

During handling of the above exception, another exception occurred:

Traceback (most recent call last):
  File "/home/joe/Workspace/GujPol/cctv_registry/model2/backend/.testing/lib/python3.12/site-packages/jose/backends/cryptography_backend.py", line 267, in __init__
    self.prepared_key = load_pem_private_key(key, password=None, backend=self.cryptography_backend())
                        ^^^^^^^^^^^^^^^^^^^^^^^^^^^^^^^^^^^^^^^^^^^^^^^^^^^^^^^^^^^^^^^^^^^^^^^^^^^^^
ValueError: Unable to load PEM file. See https://cryptography.io/en/latest/faq/#why-can-t-i-import-my-pem-file for more details. MalformedFraming

During handling of the above exception, another exception occurred:

Traceback (most recent call last):
  File "/home/joe/Workspace/GujPol/cctv_registry/model2/backend/.testing/lib/python3.12/site-packages/uvicorn/protocols/http/httptools_impl.py", line 401, in run_asgi
    result = await app(  # type: ignore[func-returns-value]
             ^^^^^^^^^^^^^^^^^^^^^^^^^^^^^^^^^^^^^^^^^^^^^^
  File "/home/joe/Workspace/GujPol/cctv_registry/model2/backend/.testing/lib/python3.12/site-packages/uvicorn/middleware/proxy_headers.py", line 70, in __call__
    return await self.app(scope, receive, send)
           ^^^^^^^^^^^^^^^^^^^^^^^^^^^^^^^^^^^^
  File "/home/joe/Workspace/GujPol/cctv_registry/model2/backend/.testing/lib/python3.12/site-packages/fastapi/applications.py", line 1054, in __call__
    await super().__call__(scope, receive, send)
  File "/home/joe/Workspace/GujPol/cctv_registry/model2/backend/.testing/lib/python3.12/site-packages/starlette/applications.py", line 113, in __call__
    await self.middleware_stack(scope, receive, send)
  File "/home/joe/Workspace/GujPol/cctv_registry/model2/backend/.testing/lib/python3.12/site-packages/starlette/middleware/errors.py", line 187, in __call__
    raise exc
  File "/home/joe/Workspace/GujPol/cctv_registry/model2/backend/.testing/lib/python3.12/site-packages/starlette/middleware/errors.py", line 165, in __call__
    await self.app(scope, receive, _send)
  File "/home/joe/Workspace/GujPol/cctv_registry/model2/backend/.testing/lib/python3.12/site-packages/starlette/middleware/cors.py", line 85, in __call__
    await self.app(scope, receive, send)
  File "/home/joe/Workspace/GujPol/cctv_registry/model2/backend/.testing/lib/python3.12/site-packages/starlette/middleware/exceptions.py", line 62, in __call__
    await wrap_app_handling_exceptions(self.app, conn)(scope, receive, send)
  File "/home/joe/Workspace/GujPol/cctv_registry/model2/backend/.testing/lib/python3.12/site-packages/starlette/_exception_handler.py", line 62, in wrapped_app
    raise exc
  File "/home/joe/Workspace/GujPol/cctv_registry/model2/backend/.testing/lib/python3.12/site-packages/starlette/_exception_handler.py", line 51, in wrapped_app
    await app(scope, receive, sender)
  File "/home/joe/Workspace/GujPol/cctv_registry/model2/backend/.testing/lib/python3.12/site-packages/starlette/routing.py", line 715, in __call__
    await self.middleware_stack(scope, receive, send)
  File "/home/joe/Workspace/GujPol/cctv_registry/model2/backend/.testing/lib/python3.12/site-packages/starlette/routing.py", line 735, in app
    await route.handle(scope, receive, send)
  File "/home/joe/Workspace/GujPol/cctv_registry/model2/backend/.testing/lib/python3.12/site-packages/starlette/routing.py", line 288, in handle
    await self.app(scope, receive, send)
  File "/home/joe/Workspace/GujPol/cctv_registry/model2/backend/.testing/lib/python3.12/site-packages/starlette/routing.py", line 76, in app
    await wrap_app_handling_exceptions(app, request)(scope, receive, send)
  File "/home/joe/Workspace/GujPol/cctv_registry/model2/backend/.testing/lib/python3.12/site-packages/starlette/_exception_handler.py", line 62, in wrapped_app
    raise exc
  File "/home/joe/Workspace/GujPol/cctv_registry/model2/backend/.testing/lib/python3.12/site-packages/starlette/_exception_handler.py", line 51, in wrapped_app
    await app(scope, receive, sender)
  File "/home/joe/Workspace/GujPol/cctv_registry/model2/backend/.testing/lib/python3.12/site-packages/starlette/routing.py", line 73, in app
    response = await f(request)
               ^^^^^^^^^^^^^^^^
  File "/home/joe/Workspace/GujPol/cctv_registry/model2/backend/.testing/lib/python3.12/site-packages/fastapi/routing.py", line 291, in app
    solved_result = await solve_dependencies(
                    ^^^^^^^^^^^^^^^^^^^^^^^^^
  File "/home/joe/Workspace/GujPol/cctv_registry/model2/backend/.testing/lib/python3.12/site-packages/fastapi/dependencies/utils.py", line 628, in solve_dependencies
    solved = await call(**solved_result.values)
             ^^^^^^^^^^^^^^^^^^^^^^^^^^^^^^^^^^
  File "/home/joe/Workspace/GujPol/cctv_registry/model2/backend/auth.py", line 66, in get_current_user
    return _decode_token_to_user(token, db)
           ^^^^^^^^^^^^^^^^^^^^^^^^^^^^^^^^
  File "/home/joe/Workspace/GujPol/cctv_registry/model2/backend/auth.py", line 47, in _decode_token_to_user
    payload = jwt.decode(token, SECRET_KEY, algorithms=[ALGORITHM])
              ^^^^^^^^^^^^^^^^^^^^^^^^^^^^^^^^^^^^^^^^^^^^^^^^^^^^^
  File "/home/joe/Workspace/GujPol/cctv_registry/model2/backend/.testing/lib/python3.12/site-packages/jose/jwt.py", line 142, in decode
    payload = jws.verify(token, key, algorithms, verify=verify_signature)
              ^^^^^^^^^^^^^^^^^^^^^^^^^^^^^^^^^^^^^^^^^^^^^^^^^^^^^^^^^^^
  File "/home/joe/Workspace/GujPol/cctv_registry/model2/backend/.testing/lib/python3.12/site-packages/jose/jws.py", line 73, in verify
    _verify_signature(signing_input, header, signature, key, algorithms)
  File "/home/joe/Workspace/GujPol/cctv_registry/model2/backend/.testing/lib/python3.12/site-packages/jose/jws.py", line 261, in _verify_signature
    if not _sig_matches_keys(keys, signing_input, signature, alg):
           ^^^^^^^^^^^^^^^^^^^^^^^^^^^^^^^^^^^^^^^^^^^^^^^^^^^^^^
  File "/home/joe/Workspace/GujPol/cctv_registry/model2/backend/.testing/lib/python3.12/site-packages/jose/jws.py", line 208, in _sig_matches_keys
    key = jwk.construct(key, alg)
          ^^^^^^^^^^^^^^^^^^^^^^^
  File "/home/joe/Workspace/GujPol/cctv_registry/model2/backend/.testing/lib/python3.12/site-packages/jose/jwk.py", line 79, in construct
    return key_class(key_data, algorithm)
           ^^^^^^^^^^^^^^^^^^^^^^^^^^^^^^
  File "/home/joe/Workspace/GujPol/cctv_registry/model2/backend/.testing/lib/python3.12/site-packages/jose/backends/cryptography_backend.py", line 269, in __init__
    raise JWKError(e)
jose.exceptions.JWKError: Unable to load PEM file. See https://cryptography.io/en/latest/faq/#why-can-t-i-import-my-pem-file for more details. MalformedFraming
INFO:     127.0.0.1:39840 - "GET /api/v2/anpr/events HTTP/1.1" 500 Internal Server Error
ERROR:    Exception in ASGI application
Traceback (most recent call last):
  File "/home/joe/Workspace/GujPol/cctv_registry/model2/backend/.testing/lib/python3.12/site-packages/jose/backends/cryptography_backend.py", line 265, in __init__
    self.prepared_key = load_pem_public_key(key, self.cryptography_backend())
                        ^^^^^^^^^^^^^^^^^^^^^^^^^^^^^^^^^^^^^^^^^^^^^^^^^^^^^
ValueError: Unable to load PEM file. See https://cryptography.io/en/latest/faq/#why-can-t-i-import-my-pem-file for more details. MalformedFraming

During handling of the above exception, another exception occurred:

Traceback (most recent call last):
  File "/home/joe/Workspace/GujPol/cctv_registry/model2/backend/.testing/lib/python3.12/site-packages/jose/backends/cryptography_backend.py", line 267, in __init__
    self.prepared_key = load_pem_private_key(key, password=None, backend=self.cryptography_backend())
                        ^^^^^^^^^^^^^^^^^^^^^^^^^^^^^^^^^^^^^^^^^^^^^^^^^^^^^^^^^^^^^^^^^^^^^^^^^^^^^
ValueError: Unable to load PEM file. See https://cryptography.io/en/latest/faq/#why-can-t-i-import-my-pem-file for more details. MalformedFraming

During handling of the above exception, another exception occurred:

Traceback (most recent call last):
  File "/home/joe/Workspace/GujPol/cctv_registry/model2/backend/.testing/lib/python3.12/site-packages/uvicorn/protocols/http/httptools_impl.py", line 401, in run_asgi
    result = await app(  # type: ignore[func-returns-value]
             ^^^^^^^^^^^^^^^^^^^^^^^^^^^^^^^^^^^^^^^^^^^^^^
  File "/home/joe/Workspace/GujPol/cctv_registry/model2/backend/.testing/lib/python3.12/site-packages/uvicorn/middleware/proxy_headers.py", line 70, in __call__
    return await self.app(scope, receive, send)
           ^^^^^^^^^^^^^^^^^^^^^^^^^^^^^^^^^^^^
  File "/home/joe/Workspace/GujPol/cctv_registry/model2/backend/.testing/lib/python3.12/site-packages/fastapi/applications.py", line 1054, in __call__
    await super().__call__(scope, receive, send)
  File "/home/joe/Workspace/GujPol/cctv_registry/model2/backend/.testing/lib/python3.12/site-packages/starlette/applications.py", line 113, in __call__
    await self.middleware_stack(scope, receive, send)
  File "/home/joe/Workspace/GujPol/cctv_registry/model2/backend/.testing/lib/python3.12/site-packages/starlette/middleware/errors.py", line 187, in __call__
    raise exc
  File "/home/joe/Workspace/GujPol/cctv_registry/model2/backend/.testing/lib/python3.12/site-packages/starlette/middleware/errors.py", line 165, in __call__
    await self.app(scope, receive, _send)
  File "/home/joe/Workspace/GujPol/cctv_registry/model2/backend/.testing/lib/python3.12/site-packages/starlette/middleware/cors.py", line 85, in __call__
    await self.app(scope, receive, send)
  File "/home/joe/Workspace/GujPol/cctv_registry/model2/backend/.testing/lib/python3.12/site-packages/starlette/middleware/exceptions.py", line 62, in __call__
    await wrap_app_handling_exceptions(self.app, conn)(scope, receive, send)
  File "/home/joe/Workspace/GujPol/cctv_registry/model2/backend/.testing/lib/python3.12/site-packages/starlette/_exception_handler.py", line 62, in wrapped_app
    raise exc
  File "/home/joe/Workspace/GujPol/cctv_registry/model2/backend/.testing/lib/python3.12/site-packages/starlette/_exception_handler.py", line 51, in wrapped_app
    await app(scope, receive, sender)
  File "/home/joe/Workspace/GujPol/cctv_registry/model2/backend/.testing/lib/python3.12/site-packages/starlette/routing.py", line 715, in __call__
    await self.middleware_stack(scope, receive, send)
  File "/home/joe/Workspace/GujPol/cctv_registry/model2/backend/.testing/lib/python3.12/site-packages/starlette/routing.py", line 735, in app
    await route.handle(scope, receive, send)
  File "/home/joe/Workspace/GujPol/cctv_registry/model2/backend/.testing/lib/python3.12/site-packages/starlette/routing.py", line 288, in handle
    await self.app(scope, receive, send)
  File "/home/joe/Workspace/GujPol/cctv_registry/model2/backend/.testing/lib/python3.12/site-packages/starlette/routing.py", line 76, in app
    await wrap_app_handling_exceptions(app, request)(scope, receive, send)
  File "/home/joe/Workspace/GujPol/cctv_registry/model2/backend/.testing/lib/python3.12/site-packages/starlette/_exception_handler.py", line 62, in wrapped_app
    raise exc
  File "/home/joe/Workspace/GujPol/cctv_registry/model2/backend/.testing/lib/python3.12/site-packages/starlette/_exception_handler.py", line 51, in wrapped_app
    await app(scope, receive, sender)
  File "/home/joe/Workspace/GujPol/cctv_registry/model2/backend/.testing/lib/python3.12/site-packages/starlette/routing.py", line 73, in app
    response = await f(request)
               ^^^^^^^^^^^^^^^^
  File "/home/joe/Workspace/GujPol/cctv_registry/model2/backend/.testing/lib/python3.12/site-packages/fastapi/routing.py", line 291, in app
    solved_result = await solve_dependencies(
                    ^^^^^^^^^^^^^^^^^^^^^^^^^
  File "/home/joe/Workspace/GujPol/cctv_registry/model2/backend/.testing/lib/python3.12/site-packages/fastapi/dependencies/utils.py", line 628, in solve_dependencies
    solved = await call(**solved_result.values)
             ^^^^^^^^^^^^^^^^^^^^^^^^^^^^^^^^^^
  File "/home/joe/Workspace/GujPol/cctv_registry/model2/backend/auth.py", line 66, in get_current_user
    return _decode_token_to_user(token, db)
           ^^^^^^^^^^^^^^^^^^^^^^^^^^^^^^^^
  File "/home/joe/Workspace/GujPol/cctv_registry/model2/backend/auth.py", line 47, in _decode_token_to_user
    payload = jwt.decode(token, SECRET_KEY, algorithms=[ALGORITHM])
              ^^^^^^^^^^^^^^^^^^^^^^^^^^^^^^^^^^^^^^^^^^^^^^^^^^^^^
  File "/home/joe/Workspace/GujPol/cctv_registry/model2/backend/.testing/lib/python3.12/site-packages/jose/jwt.py", line 142, in decode
    payload = jws.verify(token, key, algorithms, verify=verify_signature)
              ^^^^^^^^^^^^^^^^^^^^^^^^^^^^^^^^^^^^^^^^^^^^^^^^^^^^^^^^^^^
  File "/home/joe/Workspace/GujPol/cctv_registry/model2/backend/.testing/lib/python3.12/site-packages/jose/jws.py", line 73, in verify
    _verify_signature(signing_input, header, signature, key, algorithms)
  File "/home/joe/Workspace/GujPol/cctv_registry/model2/backend/.testing/lib/python3.12/site-packages/jose/jws.py", line 261, in _verify_signature
    if not _sig_matches_keys(keys, signing_input, signature, alg):
           ^^^^^^^^^^^^^^^^^^^^^^^^^^^^^^^^^^^^^^^^^^^^^^^^^^^^^^
  File "/home/joe/Workspace/GujPol/cctv_registry/model2/backend/.testing/lib/python3.12/site-packages/jose/jws.py", line 208, in _sig_matches_keys
    key = jwk.construct(key, alg)
          ^^^^^^^^^^^^^^^^^^^^^^^
  File "/home/joe/Workspace/GujPol/cctv_registry/model2/backend/.testing/lib/python3.12/site-packages/jose/jwk.py", line 79, in construct
    return key_class(key_data, algorithm)
           ^^^^^^^^^^^^^^^^^^^^^^^^^^^^^^
  File "/home/joe/Workspace/GujPol/cctv_registry/model2/backend/.testing/lib/python3.12/site-packages/jose/backends/cryptography_backend.py", line 269, in __init__
    raise JWKError(e)
jose.exceptions.JWKError: Unable to load PEM file. See https://cryptography.io/en/latest/faq/#why-can-t-i-import-my-pem-file for more details. MalformedFraming
INFO:     Shutting down
INFO:     Waiting for application shutdown.
INFO:cctv_model2:Shutting down — stopping all camera worker threads.
INFO:     Application shutdown complete.
INFO:     Finished server process [215450]
INFO:     Stopping reloader process [215410]
